Country_Name,Country_Code,Indicator_Name,Indicator_Code,yr_1970,yr_1971,yr_1972,yr_1973,yr_1974,yr_1975,yr_1976,yr_1977,yr_1978,yr_1979,yr_1980,yr_1981,yr_1982,yr_1983,yr_1984,yr_1985,yr_1986,yr_1987,yr_1988,yr_1989,yr_1990,yr_1991,yr_1992,yr_1993,yr_1994,yr_1995,yr_1996,yr_1997,yr_1998,yr_1999,yr_2000,yr_2001,yr_2002,yr_2003,yr_2004,yr_2005,yr_2006,yr_2007,yr_2008,yr_2009,yr_2010,yr_2011,yr_2012,yr_2013,yr_2014,yr_2015,yr_2016,yr_2017,yr_2020,yr_2025,yr_2030,yr_2035,yr_2040,yr_2045,yr_2050,yr_2055,yr_2060,yr_2065,yr_2070,yr_2075,yr_2080,yr_2085,yr_2090,yr_2095,yr_2100
Arab World,ARB,"Adult literacy rate, population 15+ years, both sexes (%)",SE.ADT.LITR.ZS,,,,,,,,,,,,,,,,54.59347153,54.59347153,54.59347153,54.59347153,54.59347153,54.59347153,54.59347153,54.59347153,54.59347153,54.59347153,66.00606537,66.00606537,66.00606537,66.00606537,66.00606537,66.00606537,66.00606537,66.00606537,66.00606537,66.00606537,77.36458588,77.36458588,77.36458588,77.36458588,77.36458588,77.36458588,77.36458588,77.36458588,77.36458588,77.36458588,,,,,,,,,,,,,,,,,,,,
East Asia & Pacific,EAS,"Adult literacy rate, population 15+ years, both sexes (%)",SE.ADT.LITR.ZS,,,,,,,,,,,,,,,,82.05434418,82.05434418,82.05434418,82.05434418,82.05434418,82.05434418,82.05434418,82.05434418,82.05434418,82.05434418,91.61869049,91.61869049,91.61869049,91.61869049,91.61869049,91.61869049,91.61869049,91.61869049,91.61869049,91.61869049,95.10822296,95.10822296,95.10822296,95.10822296,95.10822296,95.10822296,95.10822296,95.10822296,95.10822296,95.10822296,,,,,,,,,,,,,,,,,,,,
East Asia & Pacific (excluding high income),EAP,"Adult literacy rate, population 15+ years, both sexes (%)",SE.ADT.LITR.ZS,,,,,,,,,,,,,,,,79.74420166,79.74420166,79.74420166,79.74420166,79.74420166,79.74420166,79.74420166,79.74420166,79.74420166,79.74420166,90.77303314,90.77303314,90.77303314,90.77303314,90.77303314,90.77303314,90.77303314,90.77303314,90.77303314,90.77303314,94.75167084,94.75167084,94.75167084,94.75167084,94.75167084,94.75167084,94.75167084,94.75167084,94.75167084,94.75167084,,,,,,,,,,,,,,,,,,,,
Euro area,EMU,"Adult literacy rate, population 15+ years, both sexes (%)",SE.ADT.LITR.ZS,,,,,,,,,,,,,,,,,,,,,,,,,,,,,,,,,,,,,,,,,,,,,,,,,,,,,,,,,,,,,,,,,
Europe & Central Asia,ECS,"Adult literacy rate, population 15+ years, both sexes (%)",SE.ADT.LITR.ZS,,,,,,,,,,,,,,,,97.26078796,97.26078796,97.26078796,97.26078796,97.26078796,97.26078796,97.26078796,97.26078796,97.26078796,97.26078796,98.14584351,98.14584351,98.14584351,98.14584351,98.14584351,98.14584351,98.14584351,98.14584351,98.14584351,98.14584351,98.99758911,98.99758911,98.99758911,98.99758911,98.99758911,98.99758911,98.99758911,98.99758911,98.99758911,98.99758911,,,,,,,,,,,,,,,,,,,,
Europe & Central Asia (excluding high income),ECA,"Adult literacy rate, population 15+ years, both sexes (%)",SE.ADT.LITR.ZS,,,,,,,,,,,,,,,,95.56775665,95.56775665,95.56775665,95.56775665,95.56775665,95.56775665,95.56775665,95.56775665,95.56775665,95.56775665,97.21840668,97.21840668,97.21840668,97.21840668,97.21840668,97.21840668,97.21840668,97.21840668,97.21840668,97.21840668,98.79963684,98.79963684,98.79963684,98.79963684,98.79963684,98.79963684,98.79963684,98.79963684,98.79963684,98.79963684,,,,,,,,,,,,,,,,,,,,
European Union,EUU,"Adult literacy rate, population 15+ years, both sexes (%)",SE.ADT.LITR.ZS,,,,,,,,,,,,,,,,,,,,,,,,,,,,,,,,,,,,,,,,,,,,,,,,,,,,,,,,,,,,,,,,,
Heavily indebted poor countries (HIPC),HPC,"Adult literacy rate, population 15+ years, both sexes (%)",SE.ADT.LITR.ZS,,,,,,,,,,,,,,,,45.42024231,45.42024231,45.42024231,45.42024231,45.42024231,45.42024231,45.42024231,45.42024231,45.42024231,45.42024231,52.22107315,52.22107315,52.22107315,52.22107315,52.22107315,52.22107315,52.22107315,52.22107315,52.22107315,52.22107315,57.83716583,57.83716583,57.83716583,57.83716583,57.83716583,57.83716583,57.83716583,57.83716583,57.83716583,57.83716583,,,,,,,,,,,,,,,,,,,,
High income,HIC,"Adult literacy rate, population 15+ years, both sexes (%)",SE.ADT.LITR.ZS,,,,,,,,,,,,,,,,,,,,,,,,,,,,,,,,,,,,,,,,,,,,,,,,,,,,,,,,,,,,,,,,,
Latin America & Caribbean,LCN,"Adult literacy rate, population 15+ years, both sexes (%)",SE.ADT.LITR.ZS,,,,,,,,,,,,,,,,87.46382904,87.46382904,87.46382904,87.46382904,87.46382904,87.46382904,87.46382904,87.46382904,87.46382904,87.46382904,89.73644257,89.73644257,89.73644257,89.73644257,89.73644257,89.73644257,89.73644257,89.73644257,89.73644257,89.73644257,92.62431335,92.62431335,92.62431335,92.62431335,92.62431335,92.62431335,92.62431335,92.62431335,92.62431335,92.62431335,,,,,,,,,,,,,,,,,,,,
Latin America & Caribbean (excluding high income),LAC,"Adult literacy rate, population 15+ years, both sexes (%)",SE.ADT.LITR.ZS,,,,,,,,,,,,,,,,87.10163879,87.10163879,87.10163879,87.10163879,87.10163879,87.10163879,87.10163879,87.10163879,87.10163879,87.10163879,89.45039368,89.45039368,89.45039368,89.45039368,89.45039368,89.45039368,89.45039368,89.45039368,89.45039368,89.45039368,92.44799042,92.44799042,92.44799042,92.44799042,92.44799042,92.44799042,92.44799042,92.44799042,92.44799042,92.44799042,,,,,,,,,,,,,,,,,,,,
Least developed countries: UN classification,LDC,"Adult literacy rate, population 15+ years, both sexes (%)",SE.ADT.LITR.ZS,,,,,,,,,,,,,,,,45.83043289,45.83043289,45.83043289,45.83043289,45.83043289,45.83043289,45.83043289,45.83043289,45.83043289,45.83043289,53.41339874,53.41339874,53.41339874,53.41339874,53.41339874,53.41339874,53.41339874,53.41339874,53.41339874,53.41339874,60.56823349,60.56823349,60.56823349,60.56823349,60.56823349,60.56823349,60.56823349,60.56823349,60.56823349,60.56823349,,,,,,,,,,,,,,,,,,,,
Low & middle income,LMY,"Adult literacy rate, population 15+ years, both sexes (%)",SE.ADT.LITR.ZS,,,,,,,,,,,,,,,,69.66971588,69.66971588,69.66971588,69.66971588,69.66971588,69.66971588,69.66971588,69.66971588,69.66971588,69.66971588,77.78213501,77.78213501,77.78213501,77.78213501,77.78213501,77.78213501,77.78213501,77.78213501,77.78213501,77.78213501,82.30508423,82.30508423,82.30508423,82.30508423,82.30508423,82.30508423,82.30508423,82.30508423,82.30508423,82.30508423,,,,,,,,,,,,,,,,,,,,
Low income,LIC,"Adult literacy rate, population 15+ years, both sexes (%)",SE.ADT.LITR.ZS,,,,,,,,,,,,,,,,46.02457809,46.02457809,46.02457809,46.02457809,46.02457809,46.02457809,46.02457809,46.02457809,46.02457809,46.02457809,52.69497299,52.69497299,52.69497299,52.69497299,52.69497299,52.69496918,52.69497299,52.69497299,52.69497299,52.69497299,56.57405472,56.57405472,56.57405472,56.57405472,56.57405472,56.57405853,56.57405472,56.57405472,56.57405472,56.57405472,,,,,,,,,,,,,,,,,,,,
Lower middle income,LMC,"Adult literacy rate, population 15+ years, both sexes (%)",SE.ADT.LITR.ZS,,,,,,,,,,,,,,,,58.59611893,58.59611893,58.59611893,58.59611893,58.59611893,58.59611893,58.59611893,58.59611893,58.59611893,58.59611893,67.331604,67.331604,67.331604,67.331604,67.331604,67.33159637,67.331604,67.331604,67.331604,67.331604,73.91007996,73.91007996,73.91007996,73.91007996,73.91007996,73.91007996,73.91007996,73.91007996,73.91007996,73.91007996,,,,,,,,,,,,,,,,,,,,
Middle East & North Africa,MEA,"Adult literacy rate, population 15+ years, both sexes (%)",SE.ADT.LITR.ZS,,,,,,,,,,,,,,,,58.49624252,58.49624252,58.49624252,58.49624252,58.49624252,58.49624252,58.49624252,58.49624252,58.49624252,58.49624252,70.40315247,70.40315247,70.40315247,70.40315247,70.40315247,70.40315247,70.40315247,70.40315247,70.40315247,70.40315247,80.75001526,80.75001526,80.75001526,80.75001526,80.75001526,80.75001526,80.75001526,80.75001526,80.75001526,80.75001526,,,,,,,,,,,,,,,,,,,,
Middle East & North Africa (excluding high income),MNA,"Adult literacy rate, population 15+ years, both sexes (%)",SE.ADT.LITR.ZS,,,,,,,,,,,,,,,,56.03942871,56.03942871,56.03942871,56.03942871,56.03942871,56.03942871,56.03942871,56.03942871,56.03942871,56.03942871,68.02357483,68.02357483,68.02357483,68.02357483,68.02357483,68.02357483,68.02357483,68.02357483,68.02357483,68.02357483,78.43881226,78.43881226,78.43881226,78.43881226,78.43881226,78.43881226,78.43881226,78.43881226,78.43881226,78.43881226,,,,,,,,,,,,,,,,,,,,
Middle income,MIC,"Adult literacy rate, population 15+ years, both sexes (%)",SE.ADT.LITR.ZS,,,,,,,,,,,,,,,,71.37111664,71.37111664,71.37111664,71.37111664,71.37111664,71.37111664,71.37111664,71.37111664,71.37111664,71.37111664,79.700737,79.700737,79.700737,79.700737,79.700737,79.700737,79.700737,79.700737,79.700737,79.700737,84.3886795,84.3886795,84.3886795,84.3886795,84.3886795,84.3886795,84.3886795,84.3886795,84.3886795,84.3886795,,,,,,,,,,,,,,,,,,,,
North America,NAC,"Adult literacy rate, population 15+ years, both sexes (%)",SE.ADT.LITR.ZS,,,,,,,,,,,,,,,,,,,,,,,,,,,,,,,,,,,,,,,,,,,,,,,,,,,,,,,,,,,,,,,,,
OECD members,OED,"Adult literacy rate, population 15+ years, both sexes (%)",SE.ADT.LITR.ZS,,,,,,,,,,,,,,,,,,,,,,,,,,,,,,,,,,,,,,,,,,,,,,,,,,,,,,,,,,,,,,,,,
South Asia,SAS,"Adult literacy rate, population 15+ years, both sexes (%)",SE.ADT.LITR.ZS,,,,,,,,,,,,,,,,46.48760223,46.48760223,46.48760223,46.48760223,46.48760223,46.48760223,46.48760223,46.48760223,46.48760223,46.48760223,58.0854187,58.0854187,58.0854187,58.0854187,58.0854187,58.0854187,58.0854187,58.0854187,58.0854187,58.0854187,66.69117737,66.69117737,66.69117737,66.69117737,66.69117737,66.69117737,66.69117737,66.69117737,66.69117737,66.69117737,,,,,,,,,,,,,,,,,,,,
Sub-Saharan Africa,SSF,"Adult literacy rate, population 15+ years, both sexes (%)",SE.ADT.LITR.ZS,,,,,,,,,,,,,,,,,,,,,,,,,,56.98193359,56.98193359,56.98193359,56.98193359,56.98193359,56.98193359,56.98193359,56.98193359,56.98193359,56.98193359,60.88054657,60.88054657,60.88054657,60.88054657,60.88054657,60.88054657,60.88054657,60.88054657,60.88054657,60.88054657,,,,,,,,,,,,,,,,,,,,
Sub-Saharan Africa (excluding high income),SSA,"Adult literacy rate, population 15+ years, both sexes (%)",SE.ADT.LITR.ZS,,,,,,,,,,,,,,,,,,,,,,,,,,56.9764061,56.9764061,56.9764061,56.9764061,56.9764061,56.9764061,56.9764061,56.9764061,56.9764061,56.9764061,60.87575531,60.87575531,60.87575531,60.87575531,60.87575531,60.87575531,60.87575531,60.87575531,60.87575531,60.87575531,,,,,,,,,,,,,,,,,,,,
Upper middle income,UMC,"Adult literacy rate, population 15+ years, both sexes (%)",SE.ADT.LITR.ZS,,,,,,,,,,,,,,,,81.91884613,81.91884613,81.91884613,81.91884613,81.91884613,81.91885376,81.91884613,81.91884613,81.91884613,81.91884613,90.65731049,90.65731049,90.65731049,90.65731049,90.65731049,90.65731049,90.65731049,90.65731049,90.65731049,90.65731049,94.26898956,94.26898956,94.26898956,94.26898956,94.26898956,94.26898956,94.26898956,94.26898956,94.26898956,94.26898956,,,,,,,,,,,,,,,,,,,,
World,WLD,"Adult literacy rate, population 15+ years, both sexes (%)",SE.ADT.LITR.ZS,,,,,,,,,,,,,,,,75.8967514,75.8967514,75.8967514,75.8967514,75.8967514,75.90107727,75.8967514,75.8967514,75.8967514,75.8967514,81.90046692,81.90046692,81.90046692,81.90046692,81.90046692,81.90290833,81.90046692,81.90046692,81.90046692,81.90046692,85.31338501,85.31338501,85.31338501,85.31338501,85.31338501,85.31575775,85.31338501,85.31338501,85.31338501,85.31338501,,,,,,,,,,,,,,,,,,,,
Afghanistan,AFG,"Adult literacy rate, population 15+ years, both sexes (%)",SE.ADT.LITR.ZS,,,,,,,,,,18.15768051,,,,,,,,,,,,,,,,,,,,,,,,,,,,,,,,31.74112,,,,,,,,,,,,,,,,,,,,,,,
Albania,ALB,"Adult literacy rate, population 15+ years, both sexes (%)",SE.ADT.LITR.ZS,,,,,,,,,,,,,,,,,,,,,,,,,,,,,,,,98.71298,,,,,,,95.93864,,,96.8453,97.24697,,,,,,,,,,,,,,,,,,,,,,
Algeria,DZA,"Adult literacy rate, population 15+ years, both sexes (%)",SE.ADT.LITR.ZS,,,,,,,,,,,,,,,,,,49.63087845,,,,,,,,,,,,,,,69.8735,,,,72.64868,,75.13605,,,,,,,,,,,,,,,,,,,,,,,,,,
American Samoa,ASM,"Adult literacy rate, population 15+ years, both sexes (%)",SE.ADT.LITR.ZS,,,,,,,,,,,97.34416199,,,,,,,,,,,,,,,,,,,,,,,,,,,,,,,,,,,,,,,,,,,,,,,,,,,,,,
Andorra,AND,"Adult literacy rate, population 15+ years, both sexes (%)",SE.ADT.LITR.ZS,,,,,,,,,,,,,,,,,,,,,,,,,,,,,,,,,,,,,,,,,,,,,,100,100,,,,,,,,,,,,,,,,,,
Angola,AGO,"Adult literacy rate, population 15+ years, both sexes (%)",SE.ADT.LITR.ZS,,,,,,,,,,,,,,,,,,,,,,,,,,,,,,,,67.40542,,,,,,,,,,,,,66.03011,,,,,,,,,,,,,,,,,,,,
Antigua and Barbuda,ATG,"Adult literacy rate, population 15+ years, both sexes (%)",SE.ADT.LITR.ZS,,,,,,,,,,,,,,,,,,,,,,,,,,,,,,,,98.95,,,,,,,,,,,,,,,,,,,,,,,,,,,,,,,,,
Argentina,ARG,"Adult literacy rate, population 15+ years, both sexes (%)",SE.ADT.LITR.ZS,,,,,,,,,,,93.91285706,,,,,,,,,,,96.12819672,,,,,,,,,,97.19331,,,,,,,,,,,,,,98.09,,,,,,,,,,,,,,,,,,,
Armenia,ARM,"Adult literacy rate, population 15+ years, both sexes (%)",SE.ADT.LITR.ZS,,,,,,,,,,,,,,,,,,,,98.75196075,,,,,,,,,,,,99.40016,,,,,,,,,,99.74441,,,,,,,,,,,,,,,,,,,,,,,
Aruba,ABW,"Adult literacy rate, population 15+ years, both sexes (%)",SE.ADT.LITR.ZS,,,,,,,,,,,,,,,,,,,,,,,,,,,,,,,97.29125,,,,,,,,,,96.82264,,,,,,,,,,,,,,,,,,,,,,,,
Australia,AUS,"Adult literacy rate, population 15+ years, both sexes (%)",SE.ADT.LITR.ZS,,,,,,,,,,,,,,,,,,,,,,,,,,,,,,,,,,,,,,,,,,,,,,,,,,,,,,,,,,,,,,,,,
Austria,AUT,"Adult literacy rate, population 15+ years, both sexes (%)",SE.ADT.LITR.ZS,,,,,,,,,,,,,,,,,,,,,,,,,,,,,,,,,,,,,,,,,,,,,,,,,,,,,,,,,,,,,,,,,
Azerbaijan,AZE,"Adult literacy rate, population 15+ years, both sexes (%)",SE.ADT.LITR.ZS,,,,,,,,,,,,,,,,,,,,,,,,,,,,,,98.7918,,,,,,,,99.60191,,99.75984,99.77114,99.77863,99.77577,99.78936,99.78899,99.78806,99.79006,,,,,,,,,,,,,,,,,,
"Bahamas, The",BHS,"Adult literacy rate, population 15+ years, both sexes (%)",SE.ADT.LITR.ZS,,,,,,,,,,,,,,,,,,,,,,,,,,,,,,,,,,,,,,,,,,,,,,,,,,,,,,,,,,,,,,,,,
Bahrain,BHR,"Adult literacy rate, population 15+ years, both sexes (%)",SE.ADT.LITR.ZS,,,,,,,,,,,,69.75350952,,,,,,,,,,84.01383209,,,,,,,,,,86.54874,,,,,,,,,94.55679,,,,,,,,,,,,,,,,,,,,,,,,
Bangladesh,BGD,"Adult literacy rate, population 15+ years, both sexes (%)",SE.ADT.LITR.ZS,,,,,,,,,,,,29.22723007,,,,,,,,,,35.31930161,,,,,,,,,,47.4855,,,,,,46.6636,,,,47.07731,,,,,72.75872,,,,,,,,,,,,,,,,,,
Barbados,BRB,"Adult literacy rate, population 15+ years, both sexes (%)",SE.ADT.LITR.ZS,99.26808167,,,,,,,,,,,,,,,,,,,,,,,,,,,,,,,,,,,,,,,,,,,,,,,,,,,,,,,,,,,,,,,,
Belarus,BLR,"Adult literacy rate, population 15+ years, both sexes (%)",SE.ADT.LITR.ZS,,,,,,,,,,,,,,,,,,,,97.88336945,,,,,,,,,,99.59073,,,,,,,,,,99.61706,,,,,,,,,,,,,,,,,,,,,,,,,
Belgium,BEL,"Adult literacy rate, population 15+ years, both sexes (%)",SE.ADT.LITR.ZS,,,,,,,,,,,,,,,,,,,,,,,,,,,,,,,,,,,,,,,,,,,,,,,,,,,,,,,,,,,,,,,,,
Belize,BLZ,"Adult literacy rate, population 15+ years, both sexes (%)",SE.ADT.LITR.ZS,,,,,,,,,,,,,,,,,,,,,,70.29842377,,,,,,,,,,,,,,,,,,,,,,,,,,,,,,,,,,,,,,,,,,,
Benin,BEN,"Adult literacy rate, population 15+ years, both sexes (%)",SE.ADT.LITR.ZS,,,,,,,,,,16.48278999,,,,,,,,,,,,,27.2452507,,,,,,,,,,34.65785,,,,28.70211,,,,,,32.94882,,,,,,,,,,,,,,,,,,,,,,
Bermuda,BMU,"Adult literacy rate, population 15+ years, both sexes (%)",SE.ADT.LITR.ZS,,,,,,,,,,,,,,,,,,,,,,,,,,,,,,,,,,,,,,,,,,,,,,,,,,,,,,,,,,,,,,,,,
Bhutan,BTN,"Adult literacy rate, population 15+ years, both sexes (%)",SE.ADT.LITR.ZS,,,,,,,,,,,,,,,,,,,,,,,,,,,,,,,,,,,,52.81469,,,,,,,57.0336,,,,,,,,,,,,,,,,,,,,,,
Bolivia,BOL,"Adult literacy rate, population 15+ years, both sexes (%)",SE.ADT.LITR.ZS,,,,,,,63.20814896,,,,,,,,,,,,,,,,79.99176788,,,,,,,,,86.72367,,,,,,90.74347,90.69811,91.16783,,92.22615,94.46057,,,92.45508,,,,,,,,,,,,,,,,,,,
Bosnia and Herzegovina,BIH,"Adult literacy rate, population 15+ years, both sexes (%)",SE.ADT.LITR.ZS,,,,,,,,,,,,,,,,,,,,,,87.82250977,,,,,,,,,96.6631,,,,,,,,,,,98.14204,,96.99177,,,,,,,,,,,,,,,,,,,,,
Botswana,BWA,"Adult literacy rate, population 15+ years, both sexes (%)",SE.ADT.LITR.ZS,,,,,,,,,,,,,,,,,,,,,,68.58090973,,,,,,,,,,,,81.18871,,,,,,,,,,,,,,,,,,,,,,,,,,,,,,,
Brazil,BRA,"Adult literacy rate, population 15+ years, both sexes (%)",SE.ADT.LITR.ZS,,,,,,,,,,,74.58673096,,,,,,,,,,,,,,,,,,,,86.36788,,,,88.61624,,89.61523,90.00937,90.03662,90.29821,90.37918,91.41124,91.33785,91.48424,91.72943,,,,,,,,,,,,,,,,,,,,
British Virgin Islands,VGB,"Adult literacy rate, population 15+ years, both sexes (%)",SE.ADT.LITR.ZS,,,,,,,,,,,,,,,,,,,,,,,,,,,,,,,,,,,,,,,,,,,,,,,,,,,,,,,,,,,,,,,,,
Brunei Darussalam,BRN,"Adult literacy rate, population 15+ years, both sexes (%)",SE.ADT.LITR.ZS,,,,,,,,,,,,77.83421326,,,,,,,,,,87.80417633,,,,,,,,,,92.67113,,,,,,,,,,96.08556,,,,,,,,,,,,,,,,,,,,,,,
Bulgaria,BGR,"Adult literacy rate, population 15+ years, both sexes (%)",SE.ADT.LITR.ZS,,,,,,,,,,,,,,,,,,,,,,,,,,,,,,,,98.20356,,,,,,,,,,98.35245,,,,,,,,,,,,,,,,,,,,,,,
Burkina Faso,BFA,"Adult literacy rate, population 15+ years, both sexes (%)",SE.ADT.LITR.ZS,,,,,,8.685150146,,,,,,,,,,,,,,,,13.56923008,,,,,12.84817028,,,,,,,21.82292,,23.55372,22.47258,28.72921,,,,,,,34.5994,,,,,,,,,,,,,,,,,,,,
Burundi,BDI,"Adult literacy rate, population 15+ years, both sexes (%)",SE.ADT.LITR.ZS,,,,,,,,,,22.50855064,,,,,,,,,,,37.38471985,,,,,,,,,,59.30362,,,,,,,,48.08406,,,,,,61.56973,,,,,,,,,,,,,,,,,,,,
Cabo Verde,CPV,"Adult literacy rate, population 15+ years, both sexes (%)",SE.ADT.LITR.ZS,,,,,,,,,,,,,,,,,,,,,62.79685974,,,,,,,,,,,,,,,,,,,,,,85.32779,,,86.79029,,,,,,,,,,,,,,,,,,,
Cambodia,KHM,"Adult literacy rate, population 15+ years, both sexes (%)",SE.ADT.LITR.ZS,,,,,,,,,,,,,,,,,,,,,,,,,,,,,67.3350296,,,,,,73.60995,,,,77.58654,73.90003,,,,,,,,,,,,,,,,,,,,,,,,,
Cameroon,CMR,"Adult literacy rate, population 15+ years, both sexes (%)",SE.ADT.LITR.ZS,,,,,,,41.21620941,,,,,,,,,,,,,,,,,,,,,,,,68.40916,,,,,,,70.67994,,,71.29051,,,,,,,,,,,,,,,,,,,,,,,,
Canada,CAN,"Adult literacy rate, population 15+ years, both sexes (%)",SE.ADT.LITR.ZS,,,,,,,,,,,,,,,,,,,,,,,,,,,,,,,,,,,,,,,,,,,,,,,,,,,,,,,,,,,,,,,,,
Cayman Islands,CYM,"Adult literacy rate, population 15+ years, both sexes (%)",SE.ADT.LITR.ZS,,,,,,,,,,,,,,,,,,,,,,,,,,,,,,,,,,,,,,98.86782,,,,,,,,,,,,,,,,,,,,,,,,,,,
Central African Republic,CAF,"Adult literacy rate, population 15+ years, both sexes (%)",SE.ADT.LITR.ZS,,,,,,18.23616982,,,,,,,,,,,,,33.62442017,,,,,,,,,,,,50.64517,,,,,,,,,,36.75261,,,,,,,,,,,,,,,,,,,,,,,,
Chad,TCD,"Adult literacy rate, population 15+ years, both sexes (%)",SE.ADT.LITR.ZS,,,,,,,,,,,,,,,,,,,,,,,,10.89465046,,,,,,,25.65421,,,,28.38143,,,,,,,,,,,26.00299,22.31155,,,,,,,,,,,,,,,,,,
Channel Islands,CHI,"Adult literacy rate, population 15+ years, both sexes (%)",SE.ADT.LITR.ZS,,,,,,,,,,,,,,,,,,,,,,,,,,,,,,,,,,,,,,,,,,,,,,,,,,,,,,,,,,,,,,,,,
Chile,CHL,"Adult literacy rate, population 15+ years, both sexes (%)",SE.ADT.LITR.ZS,,,,,,,,,,,,,91.12840271,,,,,,,,,,94.2911377,,,,,,,,,,95.71662,,,,,,98.64901,98.55368,,96.70301,,96.26706,,,,,,,,,,,,,,,,,,,,,
China,CHN,"Adult literacy rate, population 15+ years, both sexes (%)",SE.ADT.LITR.ZS,,,,,,,,,,,,,65.50508881,,,,,,,,77.78505707,,,,,,,,,,90.92021,,,,,,,,,,95.12448,,,,,,,,,,,,,,,,,,,,,,,,
Colombia,COL,"Adult literacy rate, population 15+ years, both sexes (%)",SE.ADT.LITR.ZS,,,,,,,,,,,,,,,,,,,,,,,,91.06308746,,,91.20716095,,,,,,,,92.80378,92.84866,92.29968,92.65179,93.37818,93.24469,93.37233,93.58053,,,94.18625,94.24505,,,,,,,,,,,,,,,,,,,
Comoros,COM,"Adult literacy rate, population 15+ years, both sexes (%)",SE.ADT.LITR.ZS,,,,,,,,,,,47.91923141,,,,,,,,,,,,,,,,,,,,68.48923,,,,,,,,,,,,49.19614,,,,,,,,,,,,,,,,,,,,,,
"Congo, Dem. Rep.",COD,"Adult literacy rate, population 15+ years, both sexes (%)",SE.ADT.LITR.ZS,,,,,,,,,,,,,,,,,,,,,,,,,,,,,,,,67.17299,,,,,,61.20555,,,,,75.01719,,,,77.04268,,,,,,,,,,,,,,,,,,
"Congo, Rep.",COG,"Adult literacy rate, population 15+ years, both sexes (%)",SE.ADT.LITR.ZS,,,,,,,,,,,,,,,,,,,,,,,,,,,,,,,,,,,,,,,,,,79.31117,,,,,,,,,,,,,,,,,,,,,,,
Costa Rica,CRI,"Adult literacy rate, population 15+ years, both sexes (%)",SE.ADT.LITR.ZS,,,,,,,,,,,,,,,92.62904358,,,,,,,,,,,,,,,,94.86819,,,,,,,,,,,97.40658,,,,,,,,,,,,,,,,,,,,,,,
Cote d'Ivoire,CIV,"Adult literacy rate, population 15+ years, both sexes (%)",SE.ADT.LITR.ZS,,,,,,,,,,,,,,,,,,,34.13927841,,,,,,,,,,36.3502388,,48.74076,,,,,,,,,,,,40.98163,,43.90842,,,,,,,,,,,,,,,,,,,,
Croatia,HRV,"Adult literacy rate, population 15+ years, both sexes (%)",SE.ADT.LITR.ZS,,,,,,,,,,,,,,,,,,,,,,96.70155334,,,,,,,,,,98.14668,,,,,,,,,,99.12536,,,,,,,,,,,,,,,,,,,,,,,
Cuba,CUB,"Adult literacy rate, population 15+ years, both sexes (%)",SE.ADT.LITR.ZS,,,,,,,,,,,,97.84664917,,,,,,,,,,,,,,,,,,,,,99.79907,,,,,,,,,,99.75253,,,,,,,,,,,,,,,,,,,,,,
Curacao,CUW,"Adult literacy rate, population 15+ years, both sexes (%)",SE.ADT.LITR.ZS,,,,,,,,,,,,,,,,,,,,,,,,,,,,,,,,,,,,,,,,,,,,,,,,,,,,,,,,,,,,,,,,,
Cyprus,CYP,"Adult literacy rate, population 15+ years, both sexes (%)",SE.ADT.LITR.ZS,,,,,,,,,,,,,,,,,,,,,,,94.36247253,,,,,,,,,96.80363,,,,,,,,,,98.67843,,,,,,,,,,,,,,,,,,,,,,,
Czech Republic,CZE,"Adult literacy rate, population 15+ years, both sexes (%)",SE.ADT.LITR.ZS,,,,,,,,,,,,,,,,,,,,,,,,,,,,,,,,,,,,,,,,,,,,,,,,,,,,,,,,,,,,,,,,,
Denmark,DNK,"Adult literacy rate, population 15+ years, both sexes (%)",SE.ADT.LITR.ZS,,,,,,,,,,,,,,,,,,,,,,,,,,,,,,,,,,,,,,,,,,,,,,,,,,,,,,,,,,,,,,,,,
Djibouti,DJI,"Adult literacy rate, population 15+ years, both sexes (%)",SE.ADT.LITR.ZS,,,,,,,,,,,,,,,,,,,,,,,,,,,,,,,,,,,,,,,,,,,,,,,,,,,,,,,,,,,,,,,,,
Dominica,DMA,"Adult literacy rate, population 15+ years, both sexes (%)",SE.ADT.LITR.ZS,,,,,,,,,,,,,,,,,,,,,,,,,,,,,,,,,,,,,,,,,,,,,,,,,,,,,,,,,,,,,,,,,
Dominican Republic,DOM,"Adult literacy rate, population 15+ years, both sexes (%)",SE.ADT.LITR.ZS,,,,,,,,,,,,73.06456757,,,,,,,,,,,,,,,,,,,,,86.99647,,,,,88.24446,,,89.53873,90.10638,90.15518,90.85815,91.76376,91.99121,,,,,,,,,,,,,,,,,,,
Ecuador,ECU,"Adult literacy rate, population 15+ years, both sexes (%)",SE.ADT.LITR.ZS,,,,,,,,,,,,,83.5526886,,,,,,,,88.29875946,,,,,,,,,,,90.98403,,,,,,84.19272,,84.20696,91.85404,91.5869,92.06473,93.29463,94.22264,94.45566,94.35023,,,,,,,,,,,,,,,,,,
"Egypt, Arab Rep.",EGY,"Adult literacy rate, population 15+ years, both sexes (%)",SE.ADT.LITR.ZS,,,,,,,38.19675827,,,,,,,,,,44.42398834,,,,,,,,,,55.5870018,,,,,,,,,71.40886,66.36991,,,,72.04785,,73.86559,75.06073,,,,,,,,,,,,,,,,,,,,,
El Salvador,SLV,"Adult literacy rate, population 15+ years, both sexes (%)",SE.ADT.LITR.ZS,,,,,,,,,,,,,,,,,,,,,,,74.14315796,,,,,,,,,,,,,,83.55946,82.02863,83.9513,84.10289,84.49272,85.49399,,86.76758,,87.96985,,,,,,,,,,,,,,,,,,,
Equatorial Guinea,GNQ,"Adult literacy rate, population 15+ years, both sexes (%)",SE.ADT.LITR.ZS,,,,,,,,,,,,,,,,,,,,,,,,,,,,,,,88.3083,,,,,,,,,,,,,,,,,,,,,,,,,,,,,,,,,,
Eritrea,ERI,"Adult literacy rate, population 15+ years, both sexes (%)",SE.ADT.LITR.ZS,,,,,,,,,,,,,,,,,,,,,,,,,,,,,,,,,52.51395,,,,,,64.66297,,,,,,,,,,,,,,,,,,,,,,,,,,
Estonia,EST,"Adult literacy rate, population 15+ years, both sexes (%)",SE.ADT.LITR.ZS,,,,,,,,,,,,,,,,,,,,99.72644043,,,,,,,,,,,99.7672,,,,,,,,,,,99.88579,,,,,,,,,,,,,,,,,,,,,,,
Ethiopia,ETH,"Adult literacy rate, population 15+ years, both sexes (%)",SE.ADT.LITR.ZS,,,,,,,,,,,,,,,,,,,,,,,,,27.01136017,,,,,,,,,,35.9,29.82034,,38.99598,,,,,,,,,,,,,,,,,,,,,,,,,,,
Faroe Islands,FRO,"Adult literacy rate, population 15+ years, both sexes (%)",SE.ADT.LITR.ZS,,,,,,,,,,,,,,,,,,,,,,,,,,,,,,,,,,,,,,,,,,,,,,,,,,,,,,,,,,,,,,,,,
Fiji,FJI,"Adult literacy rate, population 15+ years, both sexes (%)",SE.ADT.LITR.ZS,,,,,,,,,,,,,,,,,,,,,,,,,,,,,,,,,,,,,,,,,,,,,,,,,,,,,,,,,,,,,,,,,
Finland,FIN,"Adult literacy rate, population 15+ years, both sexes (%)",SE.ADT.LITR.ZS,,,,,,,,,,,,,,,,,,,,,,,,,,,,,,,,,,,,,,,,,,,,,,,,,,,,,,,,,,,,,,,,,
France,FRA,"Adult literacy rate, population 15+ years, both sexes (%)",SE.ADT.LITR.ZS,,,,,,,,,,,,,,,,,,,,,,,,,,,,,,,,,,,,,,,,,,,,,,,,,,,,,,,,,,,,,,,,,
French Polynesia,PYF,"Adult literacy rate, population 15+ years, both sexes (%)",SE.ADT.LITR.ZS,,,,,,,,,,,,,,,,,,,,,,,,,,,,,,,,,,,,,,,,,,,,,,,,,,,,,,,,,,,,,,,,,
Gabon,GAB,"Adult literacy rate, population 15+ years, both sexes (%)",SE.ADT.LITR.ZS,,,,,,,,,,,,,,,,,,,,,,,,72.2336731,,,,,,,,,,,,,,,,,,,82.2838,,,,,,,,,,,,,,,,,,,,,,
"Gambia, The",GMB,"Adult literacy rate, population 15+ years, both sexes (%)",SE.ADT.LITR.ZS,,,,,,,,,,,,,,,,,,,,,,,,,,,,,,,36.81773,,,,,,,,,,,,,41.95005,,,,,,,,,,,,,,,,,,,,,
Georgia,GEO,"Adult literacy rate, population 15+ years, both sexes (%)",SE.ADT.LITR.ZS,,,,,,,,,,,,,,,,,,,,,,,,,,,,,,,,,99.65235,,,,,,,,,,,,99.58619,,,,,,,,,,,,,,,,,,,,
Germany,DEU,"Adult literacy rate, population 15+ years, both sexes (%)",SE.ADT.LITR.ZS,,,,,,,,,,,,,,,,,,,,,,,,,,,,,,,,,,,,,,,,,,,,,,,,,,,,,,,,,,,,,,,,,
Ghana,GHA,"Adult literacy rate, population 15+ years, both sexes (%)",SE.ADT.LITR.ZS,,,,,,,,,,,,,,,,,,,,,,,,,,,,,,,57.89747,,,,,,,,,,71.49707,,,,,,,,,,,,,,,,,,,,,,,,
Gibraltar,GIB,"Adult literacy rate, population 15+ years, both sexes (%)",SE.ADT.LITR.ZS,,,,,,,,,,,,,,,,,,,,,,,,,,,,,,,,,,,,,,,,,,,,,,,,,,,,,,,,,,,,,,,,,
Greece,GRC,"Adult literacy rate, population 15+ years, both sexes (%)",SE.ADT.LITR.ZS,,,,,,,,,,,,90.51232147,,,,,,,,,,92.61045074,,,,,,,,,,95.99436,,,,93.04431,,93.93155,,93.90511,,97.12875,,,,,,,,,,,,,,,,,,,,,,,
Greenland,GRL,"Adult literacy rate, population 15+ years, both sexes (%)",SE.ADT.LITR.ZS,,,,,,,,,,,,,,,,,,,,,,,,,,,,,,,,,,,,,,,,,,,,,,100,,,,,,,,,,,,,,,,,,,
Grenada,GRD,"Adult literacy rate, population 15+ years, both sexes (%)",SE.ADT.LITR.ZS,97.79447174,,,,,,,,,,,,,,,,,,,,,,,,,,,,,,,,,,,,,,,,,,,,,,,,,,,,,,,,,,,,,,,,
Guam,GUM,"Adult literacy rate, population 15+ years, both sexes (%)",SE.ADT.LITR.ZS,,,,,,,,,,,96.42064667,,,,,,,,,,99.36914825,,,,,,,,,,,,,,,,,,,,,,,,,,,,,,,,,,,,,,,,,,,,
Guatemala,GTM,"Adult literacy rate, population 15+ years, both sexes (%)",SE.ADT.LITR.ZS,,,,,,,,,,,,,,,,,,,,,,,,,64.2116394,,,,,,,,69.10173,,,,,,,,,,78.26486,77.03867,81.2859,,,,,,,,,,,,,,,,,,,,
Guinea,GIN,"Adult literacy rate, population 15+ years, both sexes (%)",SE.ADT.LITR.ZS,,,,,,,,,,,,,,,,,,,,,,,,,,,20.55374908,,,,,,,29.70402,,,,,,,25.30774,,,,32.00386,,,,,,,,,,,,,,,,,,,,
Guinea-Bissau,GNB,"Adult literacy rate, population 15+ years, both sexes (%)",SE.ADT.LITR.ZS,,,,,,,,,,19.95825005,,,,,,,,,,,,,,,,,,,,,41.35777,,,,,,,,,,,,,,45.58116,,,,,,,,,,,,,,,,,,,,
Guyana,GUY,"Adult literacy rate, population 15+ years, both sexes (%)",SE.ADT.LITR.ZS,,,,,,,,,,,,,,,,,,,,,,,,,,,,,,,,,,,,,,,,84.99401,,,,,85.63973,,,,,,,,,,,,,,,,,,,,
Haiti,HTI,"Adult literacy rate, population 15+ years, both sexes (%)",SE.ADT.LITR.ZS,,,,,,,,,,,,,34.73469162,,,,,,,,,,,,,,,,,,,,,58.7439,,,48.68502,,,,,,,,,,,,,,,,,,,,,,,,,,,,
Honduras,HND,"Adult literacy rate, population 15+ years, both sexes (%)",SE.ADT.LITR.ZS,,,,,,,,,,,,,,,,,,,,,,,,,,,,,,,,80.01103,,,,,,83.58899,,,84.75536,85.1233,85.35555,85.46442,87.19753,87.90683,88.98748,,,,,,,,,,,,,,,,,,
"Hong Kong SAR, China",HKG,"Adult literacy rate, population 15+ years, both sexes (%)",SE.ADT.LITR.ZS,,,,,,,,,,,,,,,,,,,,,,,,,,,,,,,,,,,,,,,,,,,,,,,,,,,,,,,,,,,,,,,,,
Hungary,HUN,"Adult literacy rate, population 15+ years, both sexes (%)",SE.ADT.LITR.ZS,,,,,,,,,,,98.85829163,,,,,,,,,,,,,,98.98207092,,,,,,,,,,,,,,,,,,,,,,,,,,,,,,,,,,,,,,,,
Iceland,ISL,"Adult literacy rate, population 15+ years, both sexes (%)",SE.ADT.LITR.ZS,,,,,,,,,,,,,,,,,,,,,,,,,,,,,,,,,,,,,,,,,,,,,,,,,,,,,,,,,,,,,,,,,
India,IND,"Adult literacy rate, population 15+ years, both sexes (%)",SE.ADT.LITR.ZS,,,,,,,,,,,,40.76359177,,,,,,,,,,48.22206879,,,,,,,,,,61.01456,,,,,62.75447,,,,,69.30256,,,,,,,,,,,,,,,,,,,,,,,
Indonesia,IDN,"Adult literacy rate, population 15+ years, both sexes (%)",SE.ADT.LITR.ZS,,,,,,,,,,,67.31266785,,,,,,,,,,81.51985168,,,,,,,,,,,,,,90.38479,,91.98227,,92.1923,92.5817,,92.81191,,,95.11622,95.21793,95.37697,,,,,,,,,,,,,,,,,,
"Iran, Islamic Rep.",IRN,"Adult literacy rate, population 15+ years, both sexes (%)",SE.ADT.LITR.ZS,,,,,,,36.51839828,,,,,,,,,,52.31975937,,,,,65.53140259,,,,,73.06024933,,,,,,77,,,82.4412,82.33132,,82.9623,,,,83.62599,84.6268,84.70524,,,,,,,,,,,,,,,,,,,,
Iraq,IRQ,"Adult literacy rate, population 15+ years, both sexes (%)",SE.ADT.LITR.ZS,,,,,,,,,,,,,,,,,,,,,,,,,,,,,,,74.0522,,,,,,,,,,,,,43.68328,,,,,,,,,,,,,,,,,,,,,
Ireland,IRL,"Adult literacy rate, population 15+ years, both sexes (%)",SE.ADT.LITR.ZS,,,,,,,,,,,,,,,,,,,,,,,,,,,,,,,,,,,,,,,,,,,,,,,,,,,,,,,,,,,,,,,,,
Isle of Man,IMN,"Adult literacy rate, population 15+ years, both sexes (%)",SE.ADT.LITR.ZS,,,,,,,,,,,,,,,,,,,,,,,,,,,,,,,,,,,,,,,,,,,,,,,,,,,,,,,,,,,,,,,,,
Israel,ISR,"Adult literacy rate, population 15+ years, both sexes (%)",SE.ADT.LITR.ZS,,,,,,,,,,,,,,91.75141144,,,,,,,,,,,,,,,,,,,,,,,,,,,,,,,,,,,,,,,,,,,,,,,,,,,
Italy,ITA,"Adult literacy rate, population 15+ years, both sexes (%)",SE.ADT.LITR.ZS,,,,,,,,,,,,96.46054077,,,,,,,,,,,,,,,,,,,,98.41662,,,,,,,,,,98.84828,,,,,,,,,,,,,,,,,,,,,,,
Jamaica,JAM,"Adult literacy rate, population 15+ years, both sexes (%)",SE.ADT.LITR.ZS,,,,,,,,,,,,,,,,,,,,,,,,,,,,,,79.92012,,,,,,,,,,,,,,,,,,,,,,,,,,,,,,,,,,,
Japan,JPN,"Adult literacy rate, population 15+ years, both sexes (%)",SE.ADT.LITR.ZS,,,,,,,,,,,,,,,,,,,,,,,,,,,,,,,,,,,,,,,,,,,,,,,,,,,,,,,,,,,,,,,,,
Jordan,JOR,"Adult literacy rate, population 15+ years, both sexes (%)",SE.ADT.LITR.ZS,,,,,,,,,,66.79680634,,,,,,,,,,,,,,,,,,,,,,,,89.89232,,91.13075,,92.19958,,,92.55104,95.90445,97.89032,,,,,,,,,,,,,,,,,,,,,,
Kazakhstan,KAZ,"Adult literacy rate, population 15+ years, both sexes (%)",SE.ADT.LITR.ZS,,,,,,,,,,,,,,,,,,,,97.5293808,,,,,,,,,,99.51266,,,,,,,,,,99.73241,99.78163,,,,,,,,,,,,,,,,,,,,,,,,
Kenya,KEN,"Adult literacy rate, population 15+ years, both sexes (%)",SE.ADT.LITR.ZS,,,,,,,,,,,,,,,,,,,,,,,,,,,,,,,82.22908,,,,,,,72.15703,,,,,,,78.73304,,,,,,,,,,,,,,,,,,,,
Kiribati,KIR,"Adult literacy rate, population 15+ years, both sexes (%)",SE.ADT.LITR.ZS,,,,,,,,,,,,,,,,,,,,,,,,,,,,,,,,,,,,,,,,,,,,,,,,,,,,,,,,,,,,,,,,,
"Korea, Dem. People’s Rep.",PRK,"Adult literacy rate, population 15+ years, both sexes (%)",SE.ADT.LITR.ZS,,,,,,,,,,,,,,,,,,,,,,,,,,,,,,,,,,,,,,,99.99819,,,,,,,,,,,,,,,,,,,,,,,,,,
"Korea, Rep.",KOR,"Adult literacy rate, population 15+ years, both sexes (%)",SE.ADT.LITR.ZS,,,,,,,,,,,,,,,,,,,,,,,,,,,,,,,,,,,,,,,,,,,,,,,,,,,,,,,,,,,,,,,,,
Kosovo,XKX,"Adult literacy rate, population 15+ years, both sexes (%)",SE.ADT.LITR.ZS,,,,,,,,,,,,,,,,,,,,,,,,,,,,,,,,,,,,,,,,,,,,,,,,,,,,,,,,,,,,,,,,,
Kuwait,KWT,"Adult literacy rate, population 15+ years, both sexes (%)",SE.ADT.LITR.ZS,,,,,,59.56438828,,,,,67.51766205,,,,,74.49086761,,,,,,,,,,78.39550018,,,,,,,,,,93.27446,93.28212,93.66419,93.8983,,94.46901,,95.51317,95.58582,,95.68545,,,,,,,,,,,,,,,,,,,
Kyrgyz Republic,KGZ,"Adult literacy rate, population 15+ years, both sexes (%)",SE.ADT.LITR.ZS,,,,,,,,,,,,,,,,,,,,,,,,,,,,,,98.70161,,,,,,,,,,99.24343,,,,,,,,,,,,,,,,,,,,,,,,,
Lao PDR,LAO,"Adult literacy rate, population 15+ years, both sexes (%)",SE.ADT.LITR.ZS,,,,,,,,,,,,,,,,,,,,,,,,,,60.25133133,,,,,69.58312,68.73439,,,,72.70226,,,,,,58.28794,,,,,,,,,,,,,,,,,,,,,,,
Latvia,LVA,"Adult literacy rate, population 15+ years, both sexes (%)",SE.ADT.LITR.ZS,,,,,,,,,,,,,,,,,,,,99.45230103,,,,,,,,,,,99.74657,,,,,,,,,,,99.8959,,,,,,,,,,,,,,,,,,,,,,,
Lebanon,LBN,"Adult literacy rate, population 15+ years, both sexes (%)",SE.ADT.LITR.ZS,,,,,,,,,,,,,,,,,,,,,,,,,,,,,,,,,,,,,,89.61244,,91.18419,,,,,,,,,,,,,,,,,,,,,,,,,
Lesotho,LSO,"Adult literacy rate, population 15+ years, both sexes (%)",SE.ADT.LITR.ZS,,,,,,,,,,,,,,,,,,,,,,,,,,,,,,,86.25443,,,,,,,,,75.8002,,,,,76.6352,,,,,,,,,,,,,,,,,,,,
Liberia,LBR,"Adult literacy rate, population 15+ years, both sexes (%)",SE.ADT.LITR.ZS,,,,,,,,,,,,,,,32.10676956,,,,,,,,,,42.66604996,,,,,,,,,,,,,42.94108,,,,,,,,,,,,,,,,,,,,,,,,,,,
Libya,LBY,"Adult literacy rate, population 15+ years, both sexes (%)",SE.ADT.LITR.ZS,,,,,,,,,,,,,,,60.16439056,,,,,,,,,,76.50520325,,,,,,,,,,,,,,,,,,,,,,,,,,,,,,,,,,,,,,,,
Liechtenstein,LIE,"Adult literacy rate, population 15+ years, both sexes (%)",SE.ADT.LITR.ZS,,,,,,,,,,,,,,,,,,,,,,,,,,,,,,,,,,,,,,,,,,,,,,,,,,,,,,,,,,,,,,,,,
Lithuania,LTU,"Adult literacy rate, population 15+ years, both sexes (%)",SE.ADT.LITR.ZS,,,,,,,,,,,,,,,,,,,,98.44126892,,,,,,,,,,,,99.64575,,,,,,,,,,99.8156,,,,,,,,,,,,,,,,,,,,,,,
Luxembourg,LUX,"Adult literacy rate, population 15+ years, both sexes (%)",SE.ADT.LITR.ZS,,,,,,,,,,,,,,,,,,,,,,,,,,,,,,,,,,,,,,,,,,,,,,,,,,,,,,,,,,,,,,,,,
"Macao SAR, China",MAC,"Adult literacy rate, population 15+ years, both sexes (%)",SE.ADT.LITR.ZS,,,,,,,,,,,,90.37818146,,,,,,,,,,,,,,,,,,,,91.29537,,,,,93.49975,,,,,95.64004,,,,,96.53849,,,,,,,,,,,,,,,,,,
"Macedonia, FYR",MKD,"Adult literacy rate, population 15+ years, both sexes (%)",SE.ADT.LITR.ZS,,,,,,,,,,,,,,,,,,,,,,,,,94.05874634,,,,,,,,96.12893,,,,,,,,,,,,,,,,,,,,,,,,,,,,,,,,
Madagascar,MDG,"Adult literacy rate, population 15+ years, both sexes (%)",SE.ADT.LITR.ZS,,,,,,,,,,,,,,,,,,,,,,,,,,,,,,,70.68617,,,,,,,,,64.48091,,,71.57262,,,,,,,,,,,,,,,,,,,,,,
Malawi,MWI,"Adult literacy rate, population 15+ years, both sexes (%)",SE.ADT.LITR.ZS,,,,,,,,,,,,,,,,,,48.53665161,,,,,,,,,,,64.13424683,,,,,,,,,,,,61.30972,,,,65.14537,62.14354,,,,,,,,,,,,,,,,,,,
Malaysia,MYS,"Adult literacy rate, population 15+ years, both sexes (%)",SE.ADT.LITR.ZS,,,,,,,,,,,69.5163269,,,,,,,,,,,82.91536713,,,,,,,,,88.68776,,,,,,,,,,93.11789,,,,,,,,,,,,,,,,,,,,,,,,
Maldives,MDV,"Adult literacy rate, population 15+ years, both sexes (%)",SE.ADT.LITR.ZS,,,,,,,,82.29995728,,,,,,,,92.23004913,,,,,96.01825714,,,,,96.32649994,,,,,,,,,,,98.3979,,,,,,,,98.61012,,,,,,,,,,,,,,,,,,,,
Mali,MLI,"Adult literacy rate, population 15+ years, both sexes (%)",SE.ADT.LITR.ZS,,,,,,,9.433810234,,,,,,,,,,,,,,,,,,,,,,19.04496956,,,,,24,,,26.17655,,,,31.09975,33.56094,,,,33.06889,,,,,,,,,,,,,,,,,,,
Malta,MLT,"Adult literacy rate, population 15+ years, both sexes (%)",SE.ADT.LITR.ZS,,,,,,,,,,,,,,,,85.65371704,,,,,,,,,,87.86869812,,,,,,,,,,92.36309,,,,,,93.30736,,,,,,,,,,,,,,,,,,,,,,,
Marshall Islands,MHL,"Adult literacy rate, population 15+ years, both sexes (%)",SE.ADT.LITR.ZS,,,,,,,,,,,,,,,,,,,,,,,,,,,,,,,,,,,,,,,,,,98.26508,,,,,,,,,,,,,,,,,,,,,,,
Mauritania,MRT,"Adult literacy rate, population 15+ years, both sexes (%)",SE.ADT.LITR.ZS,,,,,,,,,,,,,,,,,,,,,,,,,,,,,,,51.20768,,,,,,,45.50378,,,,,,,,,,,,,,,,,,,,,,,,,,,
Mauritius,MUS,"Adult literacy rate, population 15+ years, both sexes (%)",SE.ADT.LITR.ZS,,,,,,,,,,,,,,,,,,,,,79.86865997,,,,,,,,,,84.30309,,,,,,,,,,,89.24984,91.76601,91.49003,92.47476,92.7076,,,,,,,,,,,,,,,,,,,
Mexico,MEX,"Adult literacy rate, population 15+ years, both sexes (%)",SE.ADT.LITR.ZS,,,,,,,,,,,82.98924255,,,,,,,,,,87.55615234,,,,,,,,,,90.53562,,90.27465,,90.95374,91.63027,91.73452,92.79517,92.9256,93.44188,93.06894,93.51998,94.2284,93.96285,94.55588,94.47228,,,,,,,,,,,,,,,,,,,
"Micronesia, Fed. Sts.",FSM,"Adult literacy rate, population 15+ years, both sexes (%)",SE.ADT.LITR.ZS,,,,,,,,,,,,,,,,,,,,,,,,,,,,,,,,,,,,,,,,,,,,,,,,,,,,,,,,,,,,,,,,,
Moldova,MDA,"Adult literacy rate, population 15+ years, both sexes (%)",SE.ADT.LITR.ZS,,,,,,,,,,,,,,,,,,,,96.37754822,,,,,,,,,,,96.6538,,,,,,,,,,,,99.13831,,,,,,,,,,,,,,,,,,,,,,
Monaco,MCO,"Adult literacy rate, population 15+ years, both sexes (%)",SE.ADT.LITR.ZS,,,,,,,,,,,,,,,,,,,,,,,,,,,,,,,,,,,,,,,,,,,,,,,,,,,,,,,,,,,,,,,,,
Mongolia,MNG,"Adult literacy rate, population 15+ years, both sexes (%)",SE.ADT.LITR.ZS,,,,,,,,,,,,,,,,,,,,,,,,,,,,,,,97.76885,,,,,,,,,,98.257,,,,,,,,,,,,,,,,,,,,,,,,
Montenegro,MNE,"Adult literacy rate, population 15+ years, both sexes (%)",SE.ADT.LITR.ZS,,,,,,,,,,,,89.63510895,,,,,,,,,,93.46299744,,,,,,,,,,,,97.77346,,,,,,,,98.44221,,,,,,,,,,,,,,,,,,,,,,,
Morocco,MAR,"Adult literacy rate, population 15+ years, both sexes (%)",SE.ADT.LITR.ZS,,,,,,,,,,,,,30.25779915,,,,,,,,,,,,41.59410858,,,,,,,,,,52.30626,,,,55.14792,56.08367,,67.08416,69.42539,,,,,,,,,,,,,,,,,,,,,,
Mozambique,MOZ,"Adult literacy rate, population 15+ years, both sexes (%)",SE.ADT.LITR.ZS,,,,,,,,,,,27.10177994,,,,,,,,,,,,,,,,,38.70787811,,,,,,48.15884,,,,,,50.58381,,,,,,,,,,,,,,,,,,,,,,,,,
Myanmar,MMR,"Adult literacy rate, population 15+ years, both sexes (%)",SE.ADT.LITR.ZS,,,,,,,,,,,,,,78.57041168,,,,,,,,,,,,,,,,,89.94176,,,,,,,,,,,,,,,,75.5512,,,,,,,,,,,,,,,,,,
Namibia,NAM,"Adult literacy rate, population 15+ years, both sexes (%)",SE.ADT.LITR.ZS,,,,,,,,,,,,,,,,,,,,,,75.81658173,,,,,,,,,,84.94426,,,,,,76.48659,,,,88.27463,,,,,,,,,,,,,,,,,,,,,,,
Nauru,NRU,"Adult literacy rate, population 15+ years, both sexes (%)",SE.ADT.LITR.ZS,,,,,,,,,,,,,,,,,,,,,,,,,,,,,,,,,,,,,,,,,,,,,,,,,,,,,,,,,,,,,,,,,
Nepal,NPL,"Adult literacy rate, population 15+ years, both sexes (%)",SE.ADT.LITR.ZS,,,,,,,,,,,,20.57366943,,,,,,,,,,32.97558975,,,,,,,,,,48.60897,,,,,,,,,,59.62725,,,,,,,,,,,,,,,,,,,,,,,
Netherlands,NLD,"Adult literacy rate, population 15+ years, both sexes (%)",SE.ADT.LITR.ZS,,,,,,,,,,,,,,,,,,,,,,,,,,,,,,,,,,,,,,,,,,,,,,,,,,,,,,,,,,,,,,,,,
New Caledonia,NCL,"Adult literacy rate, population 15+ years, both sexes (%)",SE.ADT.LITR.ZS,,,,,,,91.30036926,,,,,,,,,,,,,93.08062744,,,,,,,96.13791656,,,,,,,,,,,,,,,,,,,,,,,,,,,,,,,,,,,,,,
New Zealand,NZL,"Adult literacy rate, population 15+ years, both sexes (%)",SE.ADT.LITR.ZS,,,,,,,,,,,,,,,,,,,,,,,,,,,,,,,,,,,,,,,,,,,,,,,,,,,,,,,,,,,,,,,,,
Nicaragua,NIC,"Adult literacy rate, population 15+ years, both sexes (%)",SE.ADT.LITR.ZS,,,,,,,,,,,,,,,,,,,,,,,,,,,,,,,,76.67713,,,,78.00298,,,,,,,,,,,,,,,,,,,,,,,,,,,,,
Niger,NER,"Adult literacy rate, population 15+ years, both sexes (%)",SE.ADT.LITR.ZS,,,,,,,,,,,,,,,,,,,,,,,,,,,,,,,,14.37604,,,,28.67242,,,,,,,15.4567,,,,,,,,,,,,,,,,,,,,,,
Nigeria,NGA,"Adult literacy rate, population 15+ years, both sexes (%)",SE.ADT.LITR.ZS,,,,,,,,,,,,,,,,,,,,,,55.44675064,,,,,,,,,,,,54.77318,,,,,51.07766,,,,,,,,,,,,,,,,,,,,,,,,,,
Northern Mariana Islands,MNP,"Adult literacy rate, population 15+ years, both sexes (%)",SE.ADT.LITR.ZS,,,,,,,,,,,,,,,,,,,,,,,,,,,,,,,,,,,,,,,,,,,,,,,,,,,,,,,,,,,,,,,,,
Norway,NOR,"Adult literacy rate, population 15+ years, both sexes (%)",SE.ADT.LITR.ZS,,,,,,,,,,,,,,,,,,,,,,,,,,,,,,,,,,,,,,,,,,,,,,,,,,,,,,,,,,,,,,,,,
Oman,OMN,"Adult literacy rate, population 15+ years, both sexes (%)",SE.ADT.LITR.ZS,,,,,,,,,,,,,,,,,,,,,,,,,,,,,,,,,,81.36331,,,,,86.62114,,86.939,,,,91.9812,93.03861,,,,,,,,,,,,,,,,,,,
Pakistan,PAK,"Adult literacy rate, population 15+ years, both sexes (%)",SE.ADT.LITR.ZS,,,,,,,,,,,,25.72518921,,,,,,,,,,,,,,,,,42.6993103,,,,,,,49.87364,54.15121,,55.52637,54.89264,55.37519,54.73802,56.76434,55.59499,56.97715,,,,,,,,,,,,,,,,,,,,
Palau,PLW,"Adult literacy rate, population 15+ years, both sexes (%)",SE.ADT.LITR.ZS,,,,,,,,,,,91.92141724,,,,,,,,,,,,,,94.4332962,,,,,,,,,,,,,,,,,,,99.50313,,96.59374,,,,,,,,,,,,,,,,,,,
Panama,PAN,"Adult literacy rate, population 15+ years, both sexes (%)",SE.ADT.LITR.ZS,,,,,,,,,,,88.0717392,,,,,,,,,,88.77986145,,,,,,,,,,91.89962,,,,,,,,,,94.09412,,,,,,,,,,,,,,,,,,,,,,,,
Papua New Guinea,PNG,"Adult literacy rate, population 15+ years, both sexes (%)",SE.ADT.LITR.ZS,,,,,,,,,,,,,,,,,,,,,,,,,,,,,,,57.34326,,,,,,,,,,,,,,,,,,,,,,,,,,,,,,,,,,
Paraguay,PRY,"Adult literacy rate, population 15+ years, both sexes (%)",SE.ADT.LITR.ZS,,,,,,,,,,,,,78.45861053,,,,,,,,,,90.27182007,,,,,,,,,,,,,,,94.55822,93.29208,93.75424,93.87092,,,,94.61672,95.0727,,,,,,,,,,,,,,,,,,,
Peru,PER,"Adult literacy rate, population 15+ years, both sexes (%)",SE.ADT.LITR.ZS,,,,,,,,,,,,81.91845703,,,,,,,,,,,,87.15062714,,,,,,,,,,,87.66985,87.90867,88.69934,89.59081,,,,,93.84173,,93.70795,94.16234,94.17367,,,,,,,,,,,,,,,,,,
Philippines,PHL,"Adult literacy rate, population 15+ years, both sexes (%)",SE.ADT.LITR.ZS,,,,,,,,,,,83.31723022,,,,,,,,,,93.57389832,,,,,,,,,,92.60006,,,92.59069,,,,,95.4201,,,,,96.398,,,,,,,,,,,,,,,,,,,,,
Poland,POL,"Adult literacy rate, population 15+ years, both sexes (%)",SE.ADT.LITR.ZS,,,,,,,,,98.74273682,,,,,,,,,,,,,,,,99.40236664,,,,,,,,,,,,,,,,,,,,,,,,,,,,,,,,,,,,,,,,
Portugal,PRT,"Adult literacy rate, population 15+ years, both sexes (%)",SE.ADT.LITR.ZS,,,,,,,,,,,,79.43560791,,,,,,,,,,87.94785309,,,,,,,,,,,,,,,,,,,,94.47705,,,,,,,,,,,,,,,,,,,,,,,
Puerto Rico,PRI,"Adult literacy rate, population 15+ years, both sexes (%)",SE.ADT.LITR.ZS,,,,,,,,,,,86.74606323,,,,,,,,,,89.62249756,,,,,,,,,,,,,,,,,,,,91.96523,,,,,,,,,,,,,,,,,,,,,,,,
Qatar,QAT,"Adult literacy rate, population 15+ years, both sexes (%)",SE.ADT.LITR.ZS,,,,,,,,,,,,,,,,,75.63504028,,,,,,,,,,,83.26216125,,,,,,,88.96239,,,93.08274,93.98973,94.72429,96.28374,96.40687,96.67859,97.47785,97.74669,,,,,,,,,,,,,,,,,,,,
Romania,ROU,"Adult literacy rate, population 15+ years, both sexes (%)",SE.ADT.LITR.ZS,,,,,,,,,,,,,,,,,,,,,,,96.7099762,,,,,,,,,,97.29759,,,,,,,,,98.60429,,,,,,,,,,,,,,,,,,,,,,,
Russian Federation,RUS,"Adult literacy rate, population 15+ years, both sexes (%)",SE.ADT.LITR.ZS,,,,,,,,,,,,,,,,,,,,97.98605347,,,,,,,,,,,,,99.44097,,,,,,,,99.68427,,,,,,,,,,,,,,,,,,,,,,,,
Rwanda,RWA,"Adult literacy rate, population 15+ years, both sexes (%)",SE.ADT.LITR.ZS,,,,,,,,,38.24343109,,,,,,,,,,,,,57.85348892,,,,,,,,,64.8886,,,,,,,,,,65.85227,,68.33103,,,,,,,,,,,,,,,,,,,,,,
Samoa,WSM,"Adult literacy rate, population 15+ years, both sexes (%)",SE.ADT.LITR.ZS,,,,,,,,,,,,,,,,,,,,,,97.94432831,,,,,,,,,,,,,,,,,,,,98.97326,,,,,,,,,,,,,,,,,,,,,,,
San Marino,SMR,"Adult literacy rate, population 15+ years, both sexes (%)",SE.ADT.LITR.ZS,,,,,,,,,,,,,,,,,,,,,,,,,,,,,,,,,,,,,,,,,,,,,,,,,,,,,,,,,,,,,,,,,
Sao Tome and Principe,STP,"Adult literacy rate, population 15+ years, both sexes (%)",SE.ADT.LITR.ZS,,,,,,,,,,,,57.32426071,,,,,,,,,,73.24241638,,,,,,,,,,84.90851,,,,,,,69.53639,,,,90.1431,,,,,,,,,,,,,,,,,,,,,,
Saudi Arabia,SAU,"Adult literacy rate, population 15+ years, both sexes (%)",SE.ADT.LITR.ZS,,,,,,,,,,,,,,,,,,,,,,,70.82164764,,,,,,,,79.35094,,,,82.85774,,,,,,,,,94.42634,,,,,,,,,,,,,,,,,,,,,
Senegal,SEN,"Adult literacy rate, population 15+ years, both sexes (%)",SE.ADT.LITR.ZS,,,,,,,,,,,,,,,,,,,26.86885071,,,,,,,,,,,,,,39.27525,,,,41.89115,,,49.69513,,52.05196,,42.8175,,,,,,,,,,,,,,,,,,,,,
Serbia,SRB,"Adult literacy rate, population 15+ years, both sexes (%)",SE.ADT.LITR.ZS,,,,,,,,,,,,,,,,,,,,,,,,,,,,,,,,,,,,,,,,,,97.96241,,,,,98.84151,,,,,,,,,,,,,,,,,,
Seychelles,SYC,"Adult literacy rate, population 15+ years, both sexes (%)",SE.ADT.LITR.ZS,,,,,,,,,,,,,,,,,,84.22921753,,,,,,,87.8111496,,,,,,,,91.83646,,,,,,,,93.95423,,,,,,,,,,,,,,,,,,,,,,,,
Sierra Leone,SLE,"Adult literacy rate, population 15+ years, both sexes (%)",SE.ADT.LITR.ZS,,,,,,,,,,,,,,,,,,,,,,,,,,,,,,,,,,,34.82679,,,,,,,,,32.42617,,,,,,,,,,,,,,,,,,,,,
Singapore,SGP,"Adult literacy rate, population 15+ years, both sexes (%)",SE.ADT.LITR.ZS,,,,,,,,,,,82.90605164,,,,,,,,,,89.09600067,,,,,,,,,,92.5494,,,,,,,,,,95.85733,96.18608,96.36979,96.54808,96.71666,96.82549,97.04959,,,,,,,,,,,,,,,,,,
Sint Maarten (Dutch part),SXM,"Adult literacy rate, population 15+ years, both sexes (%)",SE.ADT.LITR.ZS,,,,,,,,,,,,,,,,,,,,,,,,,,,,,,,,,,,,,,,,,,,,,,,,,,,,,,,,,,,,,,,,,
Slovak Republic,SVK,"Adult literacy rate, population 15+ years, both sexes (%)",SE.ADT.LITR.ZS,,,,,,,,,,,,,,,,,,,,,,,,,,,,,,,,,,,,,,,,,,,,,,,,,,,,,,,,,,,,,,,,,
Slovenia,SVN,"Adult literacy rate, population 15+ years, both sexes (%)",SE.ADT.LITR.ZS,,,,,,,,,,,,,,,,,,,,,,99.52452087,,,,,,,,,,,,,,,,,,,,,,,,,,,,,,,,,,,,,,,,,,,
Solomon Islands,SLB,"Adult literacy rate, population 15+ years, both sexes (%)",SE.ADT.LITR.ZS,,,,,,,,,,,,,,,,,,,,,,,,,,,,,,76.6,,,,,,,,,,,,,,,,,,,,,,,,,,,,,,,,,,,
Somalia,SOM,"Adult literacy rate, population 15+ years, both sexes (%)",SE.ADT.LITR.ZS,,,,,,,,,,,,,,,,,,,,,,,,,,,,,,,,,,,,,,,,,,,,,,,,,,,,,,,,,,,,,,,,,
South Africa,ZAF,"Adult literacy rate, population 15+ years, both sexes (%)",SE.ADT.LITR.ZS,,,,,,,,,,,76.20049286,,,,,,,,,,,,,,,,82.40209961,,,,,,,,,,,88.71725,,92.89486,92.87732,93.10214,93.72947,,94.1399,94.36792,,,,,,,,,,,,,,,,,,,
South Sudan,SSD,"Adult literacy rate, population 15+ years, both sexes (%)",SE.ADT.LITR.ZS,,,,,,,,,,,,,,,,,,,,,,,,,,,,,,,,,,,,,,,26.83128,,,,,,,,,,,,,,,,,,,,,,,,,,
Spain,ESP,"Adult literacy rate, population 15+ years, both sexes (%)",SE.ADT.LITR.ZS,,,,,,,,,,,,92.80976868,,,,,,,,,,96.49497223,,,,,,,,,,,,,97.16512,97.75069,,97.93884,97.63061,97.67927,97.7489,97.78375,97.89454,98.07913,98.09372,98.14326,98.25051,,,,,,,,,,,,,,,,,,
Sri Lanka,LKA,"Adult literacy rate, population 15+ years, both sexes (%)",SE.ADT.LITR.ZS,,,,,,,,,,,,86.77792358,,,,,,,,,,,,,,,,,,,,90.68275,,,,,90.80883,,90.55795,,91.18136,,,,,,,,,,,,,,,,,,,,,,,,
St. Kitts and Nevis,KNA,"Adult literacy rate, population 15+ years, both sexes (%)",SE.ADT.LITR.ZS,,,,,,,,,,,,,,,,,,,,,,,,,,,,,,,,,,,,,,,,,,,,,,,,,,,,,,,,,,,,,,,,,
St. Lucia,LCA,"Adult literacy rate, population 15+ years, both sexes (%)",SE.ADT.LITR.ZS,,,,,,,,,,,,,,,,,,,,,,,,,,,,,,,,,,,,,,,,,,,,,,,,,,,,,,,,,,,,,,,,,
St. Martin (French part),MAF,"Adult literacy rate, population 15+ years, both sexes (%)",SE.ADT.LITR.ZS,,,,,,,,,,,,,,,,,,,,,,,,,,,,,,,,,,,,,,,,,,,,,,,,,,,,,,,,,,,,,,,,,
St. Vincent and the Grenadines,VCT,"Adult literacy rate, population 15+ years, both sexes (%)",SE.ADT.LITR.ZS,95.63215637,,,,,,,,,,,,,,,,,,,,,,,,,,,,,,,,,,,,,,,,,,,,,,,,,,,,,,,,,,,,,,,,
Sudan,SDN,"Adult literacy rate, population 15+ years, both sexes (%)",SE.ADT.LITR.ZS,,,,,,,,,,,,,,,,,,,,,,,,,,,,,,,61.34587,,,,,,,,53.51738,,,,,,,,,,,,,,,,,,,,,,,,,,
Suriname,SUR,"Adult literacy rate, population 15+ years, both sexes (%)",SE.ADT.LITR.ZS,,,,,,,,,,,,,,,,,,,,,,,,,,,,,,,,,,,89.59806,,,,94.62094,,94.67575,,92.86866,,,,,,,,,,,,,,,,,,,,,,
Swaziland,SWZ,"Adult literacy rate, population 15+ years, both sexes (%)",SE.ADT.LITR.ZS,,,,,,,55.32503891,,,,,,,,,,67.23937988,,,,,,,,,,,,,,81.6607,,,,,,,,,,83.09829,,,,,,,,,,,,,,,,,,,,,,,,
Sweden,SWE,"Adult literacy rate, population 15+ years, both sexes (%)",SE.ADT.LITR.ZS,,,,,,,,,,,,,,,,,,,,,,,,,,,,,,,,,,,,,,,,,,,,,,,,,,,,,,,,,,,,,,,,,
Switzerland,CHE,"Adult literacy rate, population 15+ years, both sexes (%)",SE.ADT.LITR.ZS,,,,,,,,,,,,,,,,,,,,,,,,,,,,,,,,,,,,,,,,,,,,,,,,,,,,,,,,,,,,,,,,,
Syrian Arab Republic,SYR,"Adult literacy rate, population 15+ years, both sexes (%)",SE.ADT.LITR.ZS,,,,,,,,,,,,55.65449905,,,,,,,,,,,,,,,,,,,,,82.88825,,80.84452,,,,,,,,,,,,,,,,,,,,,,,,,,,,,,
Tajikistan,TJK,"Adult literacy rate, population 15+ years, both sexes (%)",SE.ADT.LITR.ZS,,,,,,,,,,,,,,,,,,,,97.69402313,,,,,,,,,,,99.45068,,,,,,,,,,,,,,,,,,,,,,,,,,,,,,,,,,
Tanzania,TZA,"Adult literacy rate, population 15+ years, both sexes (%)",SE.ADT.LITR.ZS,,,,,,,,,,,,,,,,,,,59.11380005,,,,,,,,,,,,,,69.4309,,,,,,,,67.8007,,78.10059,,,77.88723,,,,,,,,,,,,,,,,,,,
Thailand,THA,"Adult literacy rate, population 15+ years, both sexes (%)",SE.ADT.LITR.ZS,,,,,,,,,,,87.98175812,,,,,,,,,,,,,,,,,,,,92.64654,,,,,93.50647,,,,,96.43091,,,93.70207,,92.86831,,,,,,,,,,,,,,,,,,,
Timor-Leste,TLS,"Adult literacy rate, population 15+ years, both sexes (%)",SE.ADT.LITR.ZS,,,,,,,,,,,,,,,,,,,,,,,,,,,,,,,,37.6,,,,,,50.6,,,58.30898,,,,,,,,,,,,,,,,,,,,,,,,
Togo,TGO,"Adult literacy rate, population 15+ years, both sexes (%)",SE.ADT.LITR.ZS,,,,,,,,,,,,,,,,,,,,,,,,,,,,,,,53.1776,,,,,,56.88837,,,57.09338,,60.40994,,,,63.74562,,,,,,,,,,,,,,,,,,,
Tonga,TON,"Adult literacy rate, population 15+ years, both sexes (%)",SE.ADT.LITR.ZS,,,,,,,99.59246063,,,,,,,,,,,,,,,,,,,,98.90537262,,,,,,,,,,99.01846,,,,,99.38553,,,,,,,,,,,,,,,,,,,,,,,
Trinidad and Tobago,TTO,"Adult literacy rate, population 15+ years, both sexes (%)",SE.ADT.LITR.ZS,,,,,,,,,,,94.97032166,,,,,,,,,,96.93855286,,,,,,,,,,,,,,,,,,,,,,,,,,,,,,,,,,,,,,,,,,,,
Tunisia,TUN,"Adult literacy rate, population 15+ years, both sexes (%)",SE.ADT.LITR.ZS,,,,,,,,,,,,,,,48.19070053,,,,,,,,,,59.06180954,,,,,,,,,,74.297,,,77.1904,77.56113,,79.13058,79.65391,80.21875,,79.03643,,,,,,,,,,,,,,,,,,,,
Turkey,TUR,"Adult literacy rate, population 15+ years, both sexes (%)",SE.ADT.LITR.ZS,,,,,,61.62768173,,,,,65.69434357,,,,,75.96823883,,,,,79.23245239,,,,,,,,,,,,,,87.36549,88.22906,88.11939,88.6559,,90.81672,92.6606,94.10609,94.91975,95.25666,95.43963,95.60142,,,,,,,,,,,,,,,,,,,
Turkmenistan,TKM,"Adult literacy rate, population 15+ years, both sexes (%)",SE.ADT.LITR.ZS,,,,,,,,,,,,,,,,,,,,,,,,,,98.77832031,,,,,,,,,,,,,,,,,,,,,,,,,,,,,,,,,,,,,,,
Turks and Caicos Islands,TCA,"Adult literacy rate, population 15+ years, both sexes (%)",SE.ADT.LITR.ZS,,,,,,,,,,,,,,,,,,,,,,,,,,,,,,,,,,,,,,,,,,,,,,,,,,,,,,,,,,,,,,,,,
Tuvalu,TUV,"Adult literacy rate, population 15+ years, both sexes (%)",SE.ADT.LITR.ZS,,,,,,,,,,,,,,,,,,,,,,,,,,,,,,,,,,,,,,,,,,,,,,,,,,,,,,,,,,,,,,,,,
Uganda,UGA,"Adult literacy rate, population 15+ years, both sexes (%)",SE.ADT.LITR.ZS,,,,,,,,,,,,,,,,,,,,,,56.10737991,,,,,,,,,,,68.14251,,,,71.37314,,,,73.21188,,70.19822,,,,,,,,,,,,,,,,,,,,,,
Ukraine,UKR,"Adult literacy rate, population 15+ years, both sexes (%)",SE.ADT.LITR.ZS,,,,,,,,,,,,,,,,,,,,,,,,,,,,,,,,99.43041,,,,,,,,,,,99.97435,,,,,,,,,,,,,,,,,,,,,,
United Arab Emirates,ARE,"Adult literacy rate, population 15+ years, both sexes (%)",SE.ADT.LITR.ZS,,,,,,53.51488113,,,,,,,,,,71.23529816,,,,,,,,,,,,,,,,,,,,90.03385,,,,,,,,,,,,,,,,,,,,,,,,,,,,,
United Kingdom,GBR,"Adult literacy rate, population 15+ years, both sexes (%)",SE.ADT.LITR.ZS,,,,,,,,,,,,,,,,,,,,,,,,,,,,,,,,,,,,,,,,,,,,,,,,,,,,,,,,,,,,,,,,,
United States,USA,"Adult literacy rate, population 15+ years, both sexes (%)",SE.ADT.LITR.ZS,,,,,,,,,,,,,,,,,,,,,,,,,,,,,,,,,,,,,,,,,,,,,,,,,,,,,,,,,,,,,,,,,
Uruguay,URY,"Adult literacy rate, population 15+ years, both sexes (%)",SE.ADT.LITR.ZS,,,,,,93.86106873,,,,,,,,,,95.37998199,,,,,,,,,,,96.78180695,,,,,,,,,,97.78963,97.86389,98.16356,98.26723,98.07271,98.3359,98.39594,98.36387,98.43593,98.52387,,,,,,,,,,,,,,,,,,,
Uzbekistan,UZB,"Adult literacy rate, population 15+ years, both sexes (%)",SE.ADT.LITR.ZS,,,,,,,,,,,,,,,,,,,,,,,,,,,,,,,98.64258,,,,,,,,,,,,,99.99486,99.98055,99.98383,,,,,,,,,,,,,,,,,,,
Vanuatu,VUT,"Adult literacy rate, population 15+ years, both sexes (%)",SE.ADT.LITR.ZS,,,,,,,,,,52.87392044,,,,,,,,,,,,,,,68.4600296,,,,,74,,,,,,,,,,,,,,,,,,,,,,,,,,,,,,,,,,,
"Venezuela, RB",VEN,"Adult literacy rate, population 15+ years, both sexes (%)",SE.ADT.LITR.ZS,,,,,,,,,,,,84.73220062,,,,,,,,,89.82524872,,,,,,,,,,,92.97983,,,,,,95.15464,,95.51199,,94.77022,,,,96.60522,97.12709,,,,,,,,,,,,,,,,,,
Vietnam,VNM,"Adult literacy rate, population 15+ years, both sexes (%)",SE.ADT.LITR.ZS,,,,,,,,,,83.82594299,,,,,,,,,,87.59645081,,,,,,,,,,90.2783,90.15613,,,,,,,,,93.52045,,,,,,,,,,,,,,,,,,,,,,,,,
Virgin Islands (U.S.),VIR,"Adult literacy rate, population 15+ years, both sexes (%)",SE.ADT.LITR.ZS,,,,,,,,,,,,,,,,,,,,,,,,,,,,,,,,,,,,,,,,,,,,,,,,,,,,,,,,,,,,,,,,,
West Bank and Gaza,PSE,"Adult literacy rate, population 15+ years, both sexes (%)",SE.ADT.LITR.ZS,,,,,,,,,,,,,,,,,,,,,,,,,,,,86.0628891,,,,,,,92.27997,,93.45001,93.88214,92.53616,94.59917,94.93201,95.26724,95.90622,96.2849,96.42839,96.69073,96.93023,,,,,,,,,,,,,,,,,,
"Yemen, Rep.",YEM,"Adult literacy rate, population 15+ years, both sexes (%)",SE.ADT.LITR.ZS,,,,,,,,,,,,,,,,,,,,,,,,,37.09000015,,,,,,,,,,,,,,,,,,,,,,,,,,,,,,,,,,,,,,,,
Zambia,ZMB,"Adult literacy rate, population 15+ years, both sexes (%)",SE.ADT.LITR.ZS,,,,,,,,,,,,,,,,,,,,,64.9982605,,,,,,,,,68.00179,,,69.14922,,,,,61.42829,,,83.00767,,,,,,,,,,,,,,,,,,,,,,,,
Zimbabwe,ZWE,"Adult literacy rate, population 15+ years, both sexes (%)",SE.ADT.LITR.ZS,,,,,,,,,,,,,77.79416656,,,,,,,,,,83.51258087,,,,,,,,,,,,,,,,,,,83.58271,,,88.69342,,,,,,,,,,,,,,,,,,,,
