Country_Name,Country_Code,Indicator_Name,Indicator_Code,Region_name,Region_Code,yr_1970,yr_1971,yr_1972,yr_1973,yr_1974,yr_1975,yr_1976,yr_1977,yr_1978,yr_1979,yr_1980,yr_1981,yr_1982,yr_1983,yr_1984,yr_1985,yr_1986,yr_1987,yr_1988,yr_1989,yr_1990,yr_1991,yr_1992,yr_1993,yr_1994,yr_1995,yr_1996,yr_1997,yr_1998,yr_1999,yr_2000,yr_2001,yr_2002,yr_2003,yr_2004,yr_2005,yr_2006,yr_2007,yr_2008,yr_2009,yr_2010,yr_2011,yr_2012,yr_2013,yr_2014,yr_2015,yr_2016,yr_2017,yr_2020,yr_2025,yr_2030,yr_2035,yr_2040,yr_2045,yr_2050,yr_2055,yr_2060,yr_2065,yr_2070,yr_2075,yr_2080,yr_2085,yr_2090,yr_2095,yr_2100
Aruba,ABW,"Adult literacy rate, population 15+ years, male (%)",SE.ADT.LITR.MA.ZS,Latin America & Caribbean,LCN,,,,,,,,,,,,,,,,,,,,,,,,,,,,,,,97.5374,,,,,,,,,,96.94053,,,,,,,,,,,,,,,,,,,,,,,,
Afghanistan,AFG,"Adult literacy rate, population 15+ years, male (%)",SE.ADT.LITR.MA.ZS,South Asia,SAS,,,,,,,,,,30.3077507,,,,,,,,,,,,,,,,,,,,,,,,,,,,,,,,45.4171,,,,,,,,,,,,,,,,,,,,,,,
Angola,AGO,"Adult literacy rate, population 15+ years, male (%)",SE.ADT.LITR.MA.ZS,Sub-Saharan Africa,SSF,,,,,,,,,,,,,,,,,,,,,,,,,,,,,,,,82.91987,,,,,,,,,,,,,79.97415,,,,,,,,,,,,,,,,,,,,
Albania,ALB,"Adult literacy rate, population 15+ years, male (%)",SE.ADT.LITR.MA.ZS,Europe & Central Asia,ECS,,,,,,,,,,,,,,,,,,,,,,,,,,,,,,,,99.18761,,,,,,,97.3062,,,98.00816,98.35261,,,,,,,,,,,,,,,,,,,,,,
Andorra,AND,"Adult literacy rate, population 15+ years, male (%)",SE.ADT.LITR.MA.ZS,Europe & Central Asia,ECS,,,,,,,,,,,,,,,,,,,,,,,,,,,,,,,,,,,,,,,,,,,,,,100,100,,,,,,,,,,,,,,,,,,
Arab World,ARB,"Adult literacy rate, population 15+ years, male (%)",SE.ADT.LITR.MA.ZS,,,,,,,,,,,,,,,,,,67.25567627,67.25567627,67.25567627,67.25567627,67.25567627,67.25567627,67.25567627,67.25567627,67.25567627,67.25567627,76.31770325,76.31770325,76.31770325,76.31770325,76.31770325,76.31770325,76.31770325,76.31770325,76.31770325,76.31770325,84.73272705,84.73272705,84.73272705,84.73272705,84.73272705,84.73272705,84.73272705,84.73272705,84.73272705,84.73272705,,,,,,,,,,,,,,,,,,,,
United Arab Emirates,ARE,"Adult literacy rate, population 15+ years, male (%)",SE.ADT.LITR.MA.ZS,Middle East & North Africa,MEA,,,,,,58.3861084,,,,,,,,,,72.27427673,,,,,,,,,,,,,,,,,,,,89.4821,,,,,,,,,,,,,,,,,,,,,,,,,,,,,
Argentina,ARG,"Adult literacy rate, population 15+ years, male (%)",SE.ADT.LITR.MA.ZS,Latin America & Caribbean,LCN,,,,,,,,,,,94.26338959,,,,,,,,,,,96.2212677,,,,,,,,,,97.1932,,,,,,,,,,,,,,98.04,,,,,,,,,,,,,,,,,,,
Armenia,ARM,"Adult literacy rate, population 15+ years, male (%)",SE.ADT.LITR.MA.ZS,Europe & Central Asia,ECS,,,,,,,,,,,,,,,,,,,,99.40384674,,,,,,,,,,,,99.67223,,,,,,,,,,99.80608,,,,,,,,,,,,,,,,,,,,,,,
American Samoa,ASM,"Adult literacy rate, population 15+ years, male (%)",SE.ADT.LITR.MA.ZS,East Asia & Pacific,EAS,,,,,,,,,,,97.46996307,,,,,,,,,,,,,,,,,,,,,,,,,,,,,,,,,,,,,,,,,,,,,,,,,,,,,,
Antigua and Barbuda,ATG,"Adult literacy rate, population 15+ years, male (%)",SE.ADT.LITR.MA.ZS,Latin America & Caribbean,LCN,,,,,,,,,,,,,,,,,,,,,,,,,,,,,,,,98.4,,,,,,,,,,,,,,,,,,,,,,,,,,,,,,,,,
Australia,AUS,"Adult literacy rate, population 15+ years, male (%)",SE.ADT.LITR.MA.ZS,East Asia & Pacific,EAS,,,,,,,,,,,,,,,,,,,,,,,,,,,,,,,,,,,,,,,,,,,,,,,,,,,,,,,,,,,,,,,,,
Austria,AUT,"Adult literacy rate, population 15+ years, male (%)",SE.ADT.LITR.MA.ZS,Europe & Central Asia,ECS,,,,,,,,,,,,,,,,,,,,,,,,,,,,,,,,,,,,,,,,,,,,,,,,,,,,,,,,,,,,,,,,,
Azerbaijan,AZE,"Adult literacy rate, population 15+ years, male (%)",SE.ADT.LITR.MA.ZS,Europe & Central Asia,ECS,,,,,,,,,,,,,,,,,,,,,,,,,,,,,,99.47242,,,,,,,,99.824,,99.84267,99.85444,99.85666,99.85285,99.86592,99.86201,99.86263,99.86405,,,,,,,,,,,,,,,,,,
Burundi,BDI,"Adult literacy rate, population 15+ years, male (%)",SE.ADT.LITR.MA.ZS,Sub-Saharan Africa,SSF,,,,,,,,,,34.26271057,,,,,,,,,,,48.23625183,,,,,,,,,,67.30693,,,,,,,,53.12839,,,,,,69.69251,,,,,,,,,,,,,,,,,,,,
Belgium,BEL,"Adult literacy rate, population 15+ years, male (%)",SE.ADT.LITR.MA.ZS,Europe & Central Asia,ECS,,,,,,,,,,,,,,,,,,,,,,,,,,,,,,,,,,,,,,,,,,,,,,,,,,,,,,,,,,,,,,,,,
Benin,BEN,"Adult literacy rate, population 15+ years, male (%)",SE.ADT.LITR.MA.ZS,Sub-Saharan Africa,SSF,,,,,,,,,,25.19005966,,,,,,,,,,,,,39.90333939,,,,,,,,,,47.86596,,,,40.61617,,,,,,44.96026,,,,,,,,,,,,,,,,,,,,,,
Burkina Faso,BFA,"Adult literacy rate, population 15+ years, male (%)",SE.ADT.LITR.MA.ZS,Sub-Saharan Africa,SSF,,,,,,14.52849007,,,,,,,,,,,,,,,,19.62612915,,,,,18.51778984,,,,,,,29.362,,31.44193,29.71436,36.68067,,,,,,,44.37945,,,,,,,,,,,,,,,,,,,,
Bangladesh,BGD,"Adult literacy rate, population 15+ years, male (%)",SE.ADT.LITR.MA.ZS,South Asia,SAS,,,,,,,,,,,,39.7322998,,,,,,,,,,44.31428146,,,,,,,,,,53.89609,,,,,,49.83233,,,,47.44985,,,,,75.61885,,,,,,,,,,,,,,,,,,
Bulgaria,BGR,"Adult literacy rate, population 15+ years, male (%)",SE.ADT.LITR.MA.ZS,Europe & Central Asia,ECS,,,,,,,,,,,,,,,,,,,,,,,,,,,,,,,,98.7366,,,,,,,,,,98.74723,,,,,,,,,,,,,,,,,,,,,,,
Bahrain,BHR,"Adult literacy rate, population 15+ years, male (%)",SE.ADT.LITR.MA.ZS,Middle East & North Africa,MEA,,,,,,,,,,,,76.51837158,,,,,,,,,,88.53736877,,,,,,,,,,88.55411,,,,,,,,,96.14023,,,,,,,,,,,,,,,,,,,,,,,,
"Bahamas, The",BHS,"Adult literacy rate, population 15+ years, male (%)",SE.ADT.LITR.MA.ZS,Latin America & Caribbean,LCN,,,,,,,,,,,,,,,,,,,,,,,,,,,,,,,,,,,,,,,,,,,,,,,,,,,,,,,,,,,,,,,,,
Bosnia and Herzegovina,BIH,"Adult literacy rate, population 15+ years, male (%)",SE.ADT.LITR.MA.ZS,Europe & Central Asia,ECS,,,,,,,,,,,,,,,,,,,,,,95.92984009,,,,,,,,,99.03371,,,,,,,,,,,99.54133,,99.17628,,,,,,,,,,,,,,,,,,,,,
Belarus,BLR,"Adult literacy rate, population 15+ years, male (%)",SE.ADT.LITR.MA.ZS,Europe & Central Asia,ECS,,,,,,,,,,,,,,,,,,,,99.38417816,,,,,,,,,,99.79211,,,,,,,,,,99.76369,,,,,,,,,,,,,,,,,,,,,,,,,
Belize,BLZ,"Adult literacy rate, population 15+ years, male (%)",SE.ADT.LITR.MA.ZS,Latin America & Caribbean,LCN,,,,,,,,,,,,,,,,,,,,,,70.26876831,,,,,,,,,,,,,,,,,,,,,,,,,,,,,,,,,,,,,,,,,,,
Bermuda,BMU,"Adult literacy rate, population 15+ years, male (%)",SE.ADT.LITR.MA.ZS,North America,NAC,,,,,,,,,,,,,,,,,,,,,,,,,,,,,,,,,,,,,,,,,,,,,,,,,,,,,,,,,,,,,,,,,
Bolivia,BOL,"Adult literacy rate, population 15+ years, male (%)",SE.ADT.LITR.MA.ZS,Latin America & Caribbean,LCN,,,,,,,75.84288788,,,,,,,,,,,,,,,,88.15558624,,,,,,,,,93.05747,,,,,,96.03626,94.95543,95.80364,,96.60105,97.10705,,,96.52275,,,,,,,,,,,,,,,,,,,
Brazil,BRA,"Adult literacy rate, population 15+ years, male (%)",SE.ADT.LITR.MA.ZS,Latin America & Caribbean,LCN,,,,,,,,,,,76.37735748,,,,,,,,,,,,,,,,,,,,86.22798,,,,88.40946,,89.35324,89.77214,89.83787,90.17484,90.05618,91.16898,91.02567,91.17796,91.36677,,,,,,,,,,,,,,,,,,,,
Barbados,BRB,"Adult literacy rate, population 15+ years, male (%)",SE.ADT.LITR.MA.ZS,Latin America & Caribbean,LCN,99.28723145,,,,,,,,,,,,,,,,,,,,,,,,,,,,,,,,,,,,,,,,,,,,,,,,,,,,,,,,,,,,,,,,
Brunei Darussalam,BRN,"Adult literacy rate, population 15+ years, male (%)",SE.ADT.LITR.MA.ZS,East Asia & Pacific,EAS,,,,,,,,,,,,85.17774963,,,,,,,,,,92.45218658,,,,,,,,,,95.15042,,,,,,,,,,97.42816,,,,,,,,,,,,,,,,,,,,,,,
Bhutan,BTN,"Adult literacy rate, population 15+ years, male (%)",SE.ADT.LITR.MA.ZS,South Asia,SAS,,,,,,,,,,,,,,,,,,,,,,,,,,,,,,,,,,,,65.04778,,,,,,,66.00306,,,,,,,,,,,,,,,,,,,,,,
Botswana,BWA,"Adult literacy rate, population 15+ years, male (%)",SE.ADT.LITR.MA.ZS,Sub-Saharan Africa,SSF,,,,,,,,,,,,,,,,,,,,,,65.38694,,,,,,,,,,,,80.43011,,,,,,,,,,,,,,,,,,,,,,,,,,,,,,,
Central African Republic,CAF,"Adult literacy rate, population 15+ years, male (%)",SE.ADT.LITR.MA.ZS,Sub-Saharan Africa,SSF,,,,,,29.5929203,,,,,,,,,,,,,48.02030182,,,,,,,,,,,,66.78953,,,,,,,,,,50.71271,,,,,,,,,,,,,,,,,,,,,,,,
Canada,CAN,"Adult literacy rate, population 15+ years, male (%)",SE.ADT.LITR.MA.ZS,North America,NAC,,,,,,,,,,,,,,,,,,,,,,,,,,,,,,,,,,,,,,,,,,,,,,,,,,,,,,,,,,,,,,,,,
Switzerland,CHE,"Adult literacy rate, population 15+ years, male (%)",SE.ADT.LITR.MA.ZS,Europe & Central Asia,ECS,,,,,,,,,,,,,,,,,,,,,,,,,,,,,,,,,,,,,,,,,,,,,,,,,,,,,,,,,,,,,,,,,
Channel Islands,CHI,"Adult literacy rate, population 15+ years, male (%)",SE.ADT.LITR.MA.ZS,Europe & Central Asia,ECS,,,,,,,,,,,,,,,,,,,,,,,,,,,,,,,,,,,,,,,,,,,,,,,,,,,,,,,,,,,,,,,,,
Chile,CHL,"Adult literacy rate, population 15+ years, male (%)",SE.ADT.LITR.MA.ZS,Latin America & Caribbean,LCN,,,,,,,,,,,,,91.48053741,,,,,,,,,,94.5630722,,,,,,,,,,95.79641,,,,,,98.60164,98.6072,,96.89878,,96.38801,,,,,,,,,,,,,,,,,,,,,
China,CHN,"Adult literacy rate, population 15+ years, male (%)",SE.ADT.LITR.MA.ZS,East Asia & Pacific,EAS,,,,,,,,,,,,,79.19178009,,,,,,,,87.02497864,,,,,,,,,,95.13525,,,,,,,,,,97.47946,,,,,,,,,,,,,,,,,,,,,,,,
Cote d'Ivoire,CIV,"Adult literacy rate, population 15+ years, male (%)",SE.ADT.LITR.MA.ZS,Sub-Saharan Africa,SSF,,,,,,,,,,,,,,,,,,,44.36354065,,,,,,,,,,43.94641876,,60.86066,,,,,,,,,,,,51.59267,,50.7019,,,,,,,,,,,,,,,,,,,,
Cameroon,CMR,"Adult literacy rate, population 15+ years, male (%)",SE.ADT.LITR.MA.ZS,Sub-Saharan Africa,SSF,,,,,,,54.62984848,,,,,,,,,,,,,,,,,,,,,,,,79.19452,,,,,,,78.94996,,,78.32769,,,,,,,,,,,,,,,,,,,,,,,,
"Congo, Dem. Rep.",COD,"Adult literacy rate, population 15+ years, male (%)",SE.ADT.LITR.MA.ZS,Sub-Saharan Africa,SSF,,,,,,,,,,,,,,,,,,,,,,,,,,,,,,,,80.92324,,,,,,76.91569,,,,,87.90839,,,,88.52469,,,,,,,,,,,,,,,,,,
"Congo, Rep.",COG,"Adult literacy rate, population 15+ years, male (%)",SE.ADT.LITR.MA.ZS,Sub-Saharan Africa,SSF,,,,,,,,,,,,,,,,,,,,,,,,,,,,,,,,,,,,,,,,,,86.43431,,,,,,,,,,,,,,,,,,,,,,,
Colombia,COL,"Adult literacy rate, population 15+ years, male (%)",SE.ADT.LITR.MA.ZS,Latin America & Caribbean,LCN,,,,,,,,,,,,,,,,,,,,,,,,90.97265625,,,91.0891037,,,,,,,,92.90412,92.77795,92.3928,92.4297,93.31688,93.06254,93.25019,93.48826,,,93.8674,94.06317,,,,,,,,,,,,,,,,,,,
Comoros,COM,"Adult literacy rate, population 15+ years, male (%)",SE.ADT.LITR.MA.ZS,Sub-Saharan Africa,SSF,,,,,,,,,,,55.97703934,,,,,,,,,,,,,,,,,,,,74.51404,,,,,,,,,,,,56.4798,,,,,,,,,,,,,,,,,,,,,,
Cabo Verde,CPV,"Adult literacy rate, population 15+ years, male (%)",SE.ADT.LITR.MA.ZS,Sub-Saharan Africa,SSF,,,,,,,,,,,,,,,,,,,,,74.75926971,,,,,,,,,,,,,,,,,,,,,,90.4745,,,91.69144,,,,,,,,,,,,,,,,,,,
Costa Rica,CRI,"Adult literacy rate, population 15+ years, male (%)",SE.ADT.LITR.MA.ZS,Latin America & Caribbean,LCN,,,,,,,,,,,,,,,92.68213654,,,,,,,,,,,,,,,,94.65018,,,,,,,,,,,97.30633,,,,,,,,,,,,,,,,,,,,,,,
Cuba,CUB,"Adult literacy rate, population 15+ years, male (%)",SE.ADT.LITR.MA.ZS,Latin America & Caribbean,LCN,,,,,,,,,,,,,,,,,,,,,,,,,,,,,,,,,99.80731,,,,,,,,,,99.70606,,,,,,,,,,,,,,,,,,,,,,
Curacao,CUW,"Adult literacy rate, population 15+ years, male (%)",SE.ADT.LITR.MA.ZS,Latin America & Caribbean,LCN,,,,,,,,,,,,,,,,,,,,,,,,,,,,,,,,,,,,,,,,,,,,,,,,,,,,,,,,,,,,,,,,,
Cayman Islands,CYM,"Adult literacy rate, population 15+ years, male (%)",SE.ADT.LITR.MA.ZS,Latin America & Caribbean,LCN,,,,,,,,,,,,,,,,,,,,,,,,,,,,,,,,,,,,,,98.72239,,,,,,,,,,,,,,,,,,,,,,,,,,,
Cyprus,CYP,"Adult literacy rate, population 15+ years, male (%)",SE.ADT.LITR.MA.ZS,Europe & Central Asia,ECS,,,,,,,,,,,,,,,,,,,,,,,97.83058929,,,,,,,,,98.63104,,,,,,,,,,99.28615,,,,,,,,,,,,,,,,,,,,,,,
Czech Republic,CZE,"Adult literacy rate, population 15+ years, male (%)",SE.ADT.LITR.MA.ZS,Europe & Central Asia,ECS,,,,,,,,,,,,,,,,,,,,,,,,,,,,,,,,,,,,,,,,,,,,,,,,,,,,,,,,,,,,,,,,,
Germany,DEU,"Adult literacy rate, population 15+ years, male (%)",SE.ADT.LITR.MA.ZS,Europe & Central Asia,ECS,,,,,,,,,,,,,,,,,,,,,,,,,,,,,,,,,,,,,,,,,,,,,,,,,,,,,,,,,,,,,,,,,
Djibouti,DJI,"Adult literacy rate, population 15+ years, male (%)",SE.ADT.LITR.MA.ZS,Middle East & North Africa,MEA,,,,,,,,,,,,,,,,,,,,,,,,,,,,,,,,,,,,,,,,,,,,,,,,,,,,,,,,,,,,,,,,,
Dominica,DMA,"Adult literacy rate, population 15+ years, male (%)",SE.ADT.LITR.MA.ZS,Latin America & Caribbean,LCN,,,,,,,,,,,,,,,,,,,,,,,,,,,,,,,,,,,,,,,,,,,,,,,,,,,,,,,,,,,,,,,,,
Denmark,DNK,"Adult literacy rate, population 15+ years, male (%)",SE.ADT.LITR.MA.ZS,Europe & Central Asia,ECS,,,,,,,,,,,,,,,,,,,,,,,,,,,,,,,,,,,,,,,,,,,,,,,,,,,,,,,,,,,,,,,,,
Dominican Republic,DOM,"Adult literacy rate, population 15+ years, male (%)",SE.ADT.LITR.MA.ZS,Latin America & Caribbean,LCN,,,,,,,,,,,,73.59024811,,,,,,,,,,,,,,,,,,,,,86.81102,,,,,88.21015,,,89.37704,89.98501,90.08482,90.45813,91.3716,91.65071,,,,,,,,,,,,,,,,,,,
Algeria,DZA,"Adult literacy rate, population 15+ years, male (%)",SE.ADT.LITR.MA.ZS,Middle East & North Africa,MEA,,,,,,,,,,,,,,,,,,63.37742996,,,,,,,,,,,,,,,79.18669,,,,81.28404,,82.61584,,,,,,,,,,,,,,,,,,,,,,,,,,
East Asia & Pacific (excluding high income),EAP,"Adult literacy rate, population 15+ years, male (%)",SE.ADT.LITR.MA.ZS,,,,,,,,,,,,,,,,,,87.80076599,87.80076599,87.80076599,87.80076599,87.80076599,87.80076599,87.80076599,87.80076599,87.80076599,87.80076599,94.62464905,94.62464905,94.62464905,94.62464905,94.62464905,94.62464905,94.62464905,94.62464905,94.62464905,94.62464905,96.91535187,96.91535187,96.91535187,96.91535187,96.91535187,96.91535187,96.91535187,96.91535187,96.91535187,96.91535187,,,,,,,,,,,,,,,,,,,,
East Asia & Pacific,EAS,"Adult literacy rate, population 15+ years, male (%)",SE.ADT.LITR.MA.ZS,,,,,,,,,,,,,,,,,,89.15545654,89.15545654,89.15545654,89.15545654,89.15545654,89.15545654,89.15545654,89.15545654,89.15545654,89.15545654,95.10453033,95.10453033,95.10453033,95.10453033,95.10453033,95.10453033,95.10453033,95.10453033,95.10453033,95.10453033,97.12260437,97.12260437,97.12260437,97.12260437,97.12260437,97.12260437,97.12260437,97.12260437,97.12260437,97.12260437,,,,,,,,,,,,,,,,,,,,
Europe & Central Asia (excluding high income),ECA,"Adult literacy rate, population 15+ years, male (%)",SE.ADT.LITR.MA.ZS,,,,,,,,,,,,,,,,,,98.04206085,98.04206085,98.04206085,98.04206085,98.04206085,98.04206085,98.04206085,98.04206085,98.04206085,98.04206085,98.81185913,98.81185913,98.81185913,98.81185913,98.81185913,98.81185913,98.81185913,98.81185913,98.81185913,98.81185913,99.45072937,99.45072937,99.45072937,99.45072937,99.45072937,99.45072937,99.45072937,99.45072937,99.45072937,99.45072937,,,,,,,,,,,,,,,,,,,,
Europe & Central Asia,ECS,"Adult literacy rate, population 15+ years, male (%)",SE.ADT.LITR.MA.ZS,,,,,,,,,,,,,,,,,,98.59207153,98.59207153,98.59207153,98.59207153,98.59207153,98.59207153,98.59207153,98.59207153,98.59207153,98.59207153,99.014534,99.014534,99.014534,99.014534,99.014534,99.014534,99.014534,99.014534,99.014534,99.014534,99.39486694,99.39486694,99.39486694,99.39486694,99.39486694,99.39486694,99.39486694,99.39486694,99.39486694,99.39486694,,,,,,,,,,,,,,,,,,,,
Ecuador,ECU,"Adult literacy rate, population 15+ years, male (%)",SE.ADT.LITR.MA.ZS,Latin America & Caribbean,LCN,,,,,,,,,,,,,86.78697205,,,,,,,,90.49677277,,,,,,,,,,,92.32713,,,,,,87.25936,,87.11865,93.31687,93.05252,93.25424,94.42573,95.25717,95.72622,95.44502,,,,,,,,,,,,,,,,,,
"Egypt, Arab Rep.",EGY,"Adult literacy rate, population 15+ years, male (%)",SE.ADT.LITR.MA.ZS,Middle East & North Africa,MEA,,,,,,,53.6151886,,,,,,,,,,56.97615814,,,,,,,,,,67.15177917,,,,,,,,,83.01752,74.6218,,,,80.26865,,81.67922,82.63334,,,,,,,,,,,,,,,,,,,,,
Euro area,EMU,"Adult literacy rate, population 15+ years, male (%)",SE.ADT.LITR.MA.ZS,,,,,,,,,,,,,,,,,,,,,,,,,,,,,,,,,,,,,,,,,,,,,,,,,,,,,,,,,,,,,,,,,,,
Eritrea,ERI,"Adult literacy rate, population 15+ years, male (%)",SE.ADT.LITR.MA.ZS,Sub-Saharan Africa,SSF,,,,,,,,,,,,,,,,,,,,,,,,,,,,,,,,,65.39012,,,,,,75.07241,,,,,,,,,,,,,,,,,,,,,,,,,,
Spain,ESP,"Adult literacy rate, population 15+ years, male (%)",SE.ADT.LITR.MA.ZS,Europe & Central Asia,ECS,,,,,,,,,,,,95.8975296,,,,,,,,,,98.03549194,,,,,,,,,,,,,98.14391,98.61747,,98.63346,98.4023,98.46194,98.52571,98.53619,98.60653,98.74875,98.73127,98.77089,98.83597,,,,,,,,,,,,,,,,,,
Estonia,EST,"Adult literacy rate, population 15+ years, male (%)",SE.ADT.LITR.MA.ZS,Europe & Central Asia,ECS,,,,,,,,,,,,,,,,,,,,99.87597656,,,,,,,,,,,99.77595,,,,,,,,,,,99.85898,,,,,,,,,,,,,,,,,,,,,,,
Ethiopia,ETH,"Adult literacy rate, population 15+ years, male (%)",SE.ADT.LITR.MA.ZS,Sub-Saharan Africa,SSF,,,,,,,,,,,,,,,,,,,,,,,,,35.98254013,,,,,,,,,,50,41.93662,,49.13466,,,,,,,,,,,,,,,,,,,,,,,,,,,
European Union,EUU,"Adult literacy rate, population 15+ years, male (%)",SE.ADT.LITR.MA.ZS,,,,,,,,,,,,,,,,,,,,,,,,,,,,,,,,,,,,,,,,,,,,,,,,,,,,,,,,,,,,,,,,,,,
Finland,FIN,"Adult literacy rate, population 15+ years, male (%)",SE.ADT.LITR.MA.ZS,Europe & Central Asia,ECS,,,,,,,,,,,,,,,,,,,,,,,,,,,,,,,,,,,,,,,,,,,,,,,,,,,,,,,,,,,,,,,,,
Fiji,FJI,"Adult literacy rate, population 15+ years, male (%)",SE.ADT.LITR.MA.ZS,East Asia & Pacific,EAS,,,,,,,,,,,,,,,,,,,,,,,,,,,,,,,,,,,,,,,,,,,,,,,,,,,,,,,,,,,,,,,,,
France,FRA,"Adult literacy rate, population 15+ years, male (%)",SE.ADT.LITR.MA.ZS,Europe & Central Asia,ECS,,,,,,,,,,,,,,,,,,,,,,,,,,,,,,,,,,,,,,,,,,,,,,,,,,,,,,,,,,,,,,,,,
Faroe Islands,FRO,"Adult literacy rate, population 15+ years, male (%)",SE.ADT.LITR.MA.ZS,Europe & Central Asia,ECS,,,,,,,,,,,,,,,,,,,,,,,,,,,,,,,,,,,,,,,,,,,,,,,,,,,,,,,,,,,,,,,,,
"Micronesia, Fed. Sts.",FSM,"Adult literacy rate, population 15+ years, male (%)",SE.ADT.LITR.MA.ZS,East Asia & Pacific,EAS,,,,,,,,,,,,,,,,,,,,,,,,,,,,,,,,,,,,,,,,,,,,,,,,,,,,,,,,,,,,,,,,,
Gabon,GAB,"Adult literacy rate, population 15+ years, male (%)",SE.ADT.LITR.MA.ZS,Sub-Saharan Africa,SSF,,,,,,,,,,,,,,,,,,,,,,,,79.44418335,,,,,,,,,,,,,,,,,,,84.8733,,,,,,,,,,,,,,,,,,,,,,
United Kingdom,GBR,"Adult literacy rate, population 15+ years, male (%)",SE.ADT.LITR.MA.ZS,Europe & Central Asia,ECS,,,,,,,,,,,,,,,,,,,,,,,,,,,,,,,,,,,,,,,,,,,,,,,,,,,,,,,,,,,,,,,,,
Georgia,GEO,"Adult literacy rate, population 15+ years, male (%)",SE.ADT.LITR.MA.ZS,Europe & Central Asia,ECS,,,,,,,,,,,,,,,,,,,,,,,,,,,,,,,,,99.76898,,,,,,,,,,,,99.66821,,,,,,,,,,,,,,,,,,,,
Ghana,GHA,"Adult literacy rate, population 15+ years, male (%)",SE.ADT.LITR.MA.ZS,Sub-Saharan Africa,SSF,,,,,,,,,,,,,,,,,,,,,,,,,,,,,,,66.35128,,,,,,,,,,78.34891,,,,,,,,,,,,,,,,,,,,,,,,
Gibraltar,GIB,"Adult literacy rate, population 15+ years, male (%)",SE.ADT.LITR.MA.ZS,,,,,,,,,,,,,,,,,,,,,,,,,,,,,,,,,,,,,,,,,,,,,,,,,,,,,,,,,,,,,,,,,,,
Guinea,GIN,"Adult literacy rate, population 15+ years, male (%)",SE.ADT.LITR.MA.ZS,Sub-Saharan Africa,SSF,,,,,,,,,,,,,,,,,,,,,,,,,,,32.89533997,,,,,,,42.90316,,,,,,,36.78979,,,,43.64009,,,,,,,,,,,,,,,,,,,,
"Gambia, The",GMB,"Adult literacy rate, population 15+ years, male (%)",SE.ADT.LITR.MA.ZS,Sub-Saharan Africa,SSF,,,,,,,,,,,,,,,,,,,,,,,,,,,,,,,48.98115,,,,,,,,,,,,,51.41804,,,,,,,,,,,,,,,,,,,,,
Guinea-Bissau,GNB,"Adult literacy rate, population 15+ years, male (%)",SE.ADT.LITR.MA.ZS,Sub-Saharan Africa,SSF,,,,,,,,,,33.34894943,,,,,,,,,,,,,,,,,,,,,57.61375,,,,,,,,,,,,,,62.15797,,,,,,,,,,,,,,,,,,,,
Equatorial Guinea,GNQ,"Adult literacy rate, population 15+ years, male (%)",SE.ADT.LITR.MA.ZS,Sub-Saharan Africa,SSF,,,,,,,,,,,,,,,,,,,,,,,,,,,,,,,94.84261,,,,,,,,,,,,,,,,,,,,,,,,,,,,,,,,,,
Greece,GRC,"Adult literacy rate, population 15+ years, male (%)",SE.ADT.LITR.MA.ZS,Europe & Central Asia,ECS,,,,,,,,,,,,96.063797,,,,,,,,,,96.03746033,,,,,,,,,,97.81122,,,,95.45006,,96.15757,,96.06622,,98.07834,,,,,,,,,,,,,,,,,,,,,,,
Grenada,GRD,"Adult literacy rate, population 15+ years, male (%)",SE.ADT.LITR.MA.ZS,Latin America & Caribbean,LCN,98.04715729,,,,,,,,,,,,,,,,,,,,,,,,,,,,,,,,,,,,,,,,,,,,,,,,,,,,,,,,,,,,,,,,
Greenland,GRL,"Adult literacy rate, population 15+ years, male (%)",SE.ADT.LITR.MA.ZS,Europe & Central Asia,ECS,,,,,,,,,,,,,,,,,,,,,,,,,,,,,,,,,,,,,,,,,,,,,,100,,,,,,,,,,,,,,,,,,,
Guatemala,GTM,"Adult literacy rate, population 15+ years, male (%)",SE.ADT.LITR.MA.ZS,Latin America & Caribbean,LCN,,,,,,,,,,,,,,,,,,,,,,,,,71.70639038,,,,,,,,75.41558,,,,,,,,,,84.84873,82.72068,86.75616,,,,,,,,,,,,,,,,,,,,
Guam,GUM,"Adult literacy rate, population 15+ years, male (%)",SE.ADT.LITR.MA.ZS,East Asia & Pacific,EAS,,,,,,,,,,,96.38265991,,,,,,,,,,99.41710663,,,,,,,,,,,,,,,,,,,,,,,,,,,,,,,,,,,,,,,,,,,,
Guyana,GUY,"Adult literacy rate, population 15+ years, male (%)",SE.ADT.LITR.MA.ZS,Latin America & Caribbean,LCN,,,,,,,,,,,,,,,,,,,,,,,,,,,,,,,,,,,,,,,,82.43656,,,,,86.31438,,,,,,,,,,,,,,,,,,,,
High income,HIC,"Adult literacy rate, population 15+ years, male (%)",SE.ADT.LITR.MA.ZS,,,,,,,,,,,,,,,,,,,,,,,,,,,,,,,,,,,,,,,,,,,,,,,,,,,,,,,,,,,,,,,,,,,
"Hong Kong SAR, China",HKG,"Adult literacy rate, population 15+ years, male (%)",SE.ADT.LITR.MA.ZS,East Asia & Pacific,EAS,,,,,,,,,,,,,,,,,,,,,,,,,,,,,,,,,,,,,,,,,,,,,,,,,,,,,,,,,,,,,,,,,
Honduras,HND,"Adult literacy rate, population 15+ years, male (%)",SE.ADT.LITR.MA.ZS,Latin America & Caribbean,LCN,,,,,,,,,,,,,,,,,,,,,,,,,,,,,,,,79.78523,,,,,,83.74603,,,84.78901,85.34128,85.6962,85.66837,87.39595,87.92208,89.04894,,,,,,,,,,,,,,,,,,
Heavily indebted poor countries (HIPC),HPC,"Adult literacy rate, population 15+ years, male (%)",SE.ADT.LITR.MA.ZS,,,,,,,,,,,,,,,,,,56.74354553,56.74354553,56.74354553,56.74354553,56.74354553,56.74354553,56.74354553,56.74354553,56.74354553,56.74354553,63.11186218,63.11186218,63.11186218,63.11186218,63.11186218,63.11186218,63.11186218,63.11186218,63.11186218,63.11186218,66.75862885,66.75862885,66.75862885,66.75862885,66.75862885,66.75862885,66.75862885,66.75862885,66.75862885,66.75862885,,,,,,,,,,,,,,,,,,,,
Croatia,HRV,"Adult literacy rate, population 15+ years, male (%)",SE.ADT.LITR.MA.ZS,Europe & Central Asia,ECS,,,,,,,,,,,,,,,,,,,,,,98.75705719,,,,,,,,,,99.32059,,,,,,,,,,99.62971,,,,,,,,,,,,,,,,,,,,,,,
Haiti,HTI,"Adult literacy rate, population 15+ years, male (%)",SE.ADT.LITR.MA.ZS,Latin America & Caribbean,LCN,,,,,,,,,,,,,37.12974167,,,,,,,,,,,,,,,,,,,,,63.09002,,,53.35505,,,,,,,,,,,,,,,,,,,,,,,,,,,,
Hungary,HUN,"Adult literacy rate, population 15+ years, male (%)",SE.ADT.LITR.MA.ZS,Europe & Central Asia,ECS,,,,,,,,,,,99.30319214,,,,,,,,,,,,,,99.2849884,,,,,,,,,,,,,,,,,,,,,,,,,,,,,,,,,,,,,,,,
Indonesia,IDN,"Adult literacy rate, population 15+ years, male (%)",SE.ADT.LITR.MA.ZS,East Asia & Pacific,EAS,,,,,,,,,,,77.47499847,,,,,,,,,,88.02452087,,,,,,,,,,,,,,94.03508,,95.15854,,95.38319,95.64701,,95.59109,,,96.79101,97.10652,97.17444,,,,,,,,,,,,,,,,,,
Isle of Man,IMN,"Adult literacy rate, population 15+ years, male (%)",SE.ADT.LITR.MA.ZS,Europe & Central Asia,ECS,,,,,,,,,,,,,,,,,,,,,,,,,,,,,,,,,,,,,,,,,,,,,,,,,,,,,,,,,,,,,,,,,
India,IND,"Adult literacy rate, population 15+ years, male (%)",SE.ADT.LITR.MA.ZS,South Asia,SAS,,,,,,,,,,,,54.84101868,,,,,,,,,,61.64191818,,,,,,,,,,73.41186,,,,,75.1919,,,,,78.87723,,,,,,,,,,,,,,,,,,,,,,,
Ireland,IRL,"Adult literacy rate, population 15+ years, male (%)",SE.ADT.LITR.MA.ZS,Europe & Central Asia,ECS,,,,,,,,,,,,,,,,,,,,,,,,,,,,,,,,,,,,,,,,,,,,,,,,,,,,,,,,,,,,,,,,,
"Iran, Islamic Rep.",IRN,"Adult literacy rate, population 15+ years, male (%)",SE.ADT.LITR.MA.ZS,Middle East & North Africa,MEA,,,,,,,48.18333054,,,,,,,,,,63.09954834,,,,,74.27448273,,,,,79.87161255,,,,,,83.5,,,88.01032,87.27219,,88.17703,,,,88.87982,89.54248,89.63542,,,,,,,,,,,,,,,,,,,,
Iraq,IRQ,"Adult literacy rate, population 15+ years, male (%)",SE.ADT.LITR.MA.ZS,Middle East & North Africa,MEA,,,,,,,,,,,,,,,,,,,,,,,,,,,,,,,84.08741,,,,,,,,,,,,,53.00728,,,,,,,,,,,,,,,,,,,,,
Iceland,ISL,"Adult literacy rate, population 15+ years, male (%)",SE.ADT.LITR.MA.ZS,Europe & Central Asia,ECS,,,,,,,,,,,,,,,,,,,,,,,,,,,,,,,,,,,,,,,,,,,,,,,,,,,,,,,,,,,,,,,,,
Israel,ISR,"Adult literacy rate, population 15+ years, male (%)",SE.ADT.LITR.MA.ZS,Middle East & North Africa,MEA,,,,,,,,,,,,,,94.96340179,,,,,,,,,,,,,,,,,,,,,,,,,,,,,,,,,,,,,,,,,,,,,,,,,,,
Italy,ITA,"Adult literacy rate, population 15+ years, male (%)",SE.ADT.LITR.MA.ZS,Europe & Central Asia,ECS,,,,,,,,,,,,97.46465302,,,,,,,,,,,,,,,,,,,,98.82369,,,,,,,,,,99.14101,,,,,,,,,,,,,,,,,,,,,,,
Jamaica,JAM,"Adult literacy rate, population 15+ years, male (%)",SE.ADT.LITR.MA.ZS,Latin America & Caribbean,LCN,,,,,,,,,,,,,,,,,,,,,,,,,,,,,,74.08184,,,,,,,,,,,,,,,,,,,,,,,,,,,,,,,,,,,
Jordan,JOR,"Adult literacy rate, population 15+ years, male (%)",SE.ADT.LITR.MA.ZS,Middle East & North Africa,MEA,,,,,,,,,,80.48261261,,,,,,,,,,,,,,,,,,,,,,,,95.0845,,95.17645,,95.49455,,,95.76724,97.74836,98.44456,,,,,,,,,,,,,,,,,,,,,,
Japan,JPN,"Adult literacy rate, population 15+ years, male (%)",SE.ADT.LITR.MA.ZS,East Asia & Pacific,EAS,,,,,,,,,,,,,,,,,,,,,,,,,,,,,,,,,,,,,,,,,,,,,,,,,,,,,,,,,,,,,,,,,
Kazakhstan,KAZ,"Adult literacy rate, population 15+ years, male (%)",SE.ADT.LITR.MA.ZS,Europe & Central Asia,ECS,,,,,,,,,,,,,,,,,,,,99.07195282,,,,,,,,,,99.7633,,,,,,,,,,99.78625,99.82968,,,,,,,,,,,,,,,,,,,,,,,,
Kenya,KEN,"Adult literacy rate, population 15+ years, male (%)",SE.ADT.LITR.MA.ZS,Sub-Saharan Africa,SSF,,,,,,,,,,,,,,,,,,,,,,,,,,,,,,,87.49466,,,,,,,78.07915,,,,,,,83.77803,,,,,,,,,,,,,,,,,,,,
Kyrgyz Republic,KGZ,"Adult literacy rate, population 15+ years, male (%)",SE.ADT.LITR.MA.ZS,Europe & Central Asia,ECS,,,,,,,,,,,,,,,,,,,,,,,,,,,,,,99.30671,,,,,,,,,,99.51879,,,,,,,,,,,,,,,,,,,,,,,,,
Cambodia,KHM,"Adult literacy rate, population 15+ years, male (%)",SE.ADT.LITR.MA.ZS,East Asia & Pacific,EAS,,,,,,,,,,,,,,,,,,,,,,,,,,,,,79.48217773,,,,,,84.68001,,,,85.08267,82.7524,,,,,,,,,,,,,,,,,,,,,,,,,
Kiribati,KIR,"Adult literacy rate, population 15+ years, male (%)",SE.ADT.LITR.MA.ZS,East Asia & Pacific,EAS,,,,,,,,,,,,,,,,,,,,,,,,,,,,,,,,,,,,,,,,,,,,,,,,,,,,,,,,,,,,,,,,,
St. Kitts and Nevis,KNA,"Adult literacy rate, population 15+ years, male (%)",SE.ADT.LITR.MA.ZS,Latin America & Caribbean,LCN,,,,,,,,,,,,,,,,,,,,,,,,,,,,,,,,,,,,,,,,,,,,,,,,,,,,,,,,,,,,,,,,,
"Korea, Rep.",KOR,"Adult literacy rate, population 15+ years, male (%)",SE.ADT.LITR.MA.ZS,East Asia & Pacific,EAS,,,,,,,,,,,,,,,,,,,,,,,,,,,,,,,,,,,,,,,,,,,,,,,,,,,,,,,,,,,,,,,,,
Kuwait,KWT,"Adult literacy rate, population 15+ years, male (%)",SE.ADT.LITR.MA.ZS,Middle East & North Africa,MEA,,,,,,68.02863312,,,,,72.78765106,,,,,78.19730377,,,,,,,,,,81.12094879,,,,,,,,,,94.44604,94.52522,94.79458,95.01588,,95.54531,,95.83972,96.35419,,96.39225,,,,,,,,,,,,,,,,,,,
Latin America & Caribbean (excluding high income),LAC,"Adult literacy rate, population 15+ years, male (%)",SE.ADT.LITR.MA.ZS,,,,,,,,,,,,,,,,,,87.99091339,87.99091339,87.99091339,87.99091339,87.99091339,87.99091339,87.99091339,87.99091339,87.99091339,87.99091339,90.3425827,90.3425827,90.3425827,90.3425827,90.3425827,90.3425827,90.3425827,90.3425827,90.3425827,90.3425827,92.97173309,92.97173309,92.97173309,92.97173309,92.97173309,92.97173309,92.97173309,92.97173309,92.97173309,92.97173309,,,,,,,,,,,,,,,,,,,,
Lao PDR,LAO,"Adult literacy rate, population 15+ years, male (%)",SE.ADT.LITR.MA.ZS,East Asia & Pacific,EAS,,,,,,,,,,,,,,,,,,,,,,,,,,73.48625183,,,,,81.36018,77.00606,,,,82.45175,,,,,,67.35858,,,,,,,,,,,,,,,,,,,,,,,
Lebanon,LBN,"Adult literacy rate, population 15+ years, male (%)",SE.ADT.LITR.MA.ZS,Middle East & North Africa,MEA,,,,,,,,,,,,,,,,,,,,,,,,,,,,,,,,,,,,,,93.37894,,94.27195,,,,,,,,,,,,,,,,,,,,,,,,,
Liberia,LBR,"Adult literacy rate, population 15+ years, male (%)",SE.ADT.LITR.MA.ZS,Sub-Saharan Africa,SSF,,,,,,,,,,,,,,,44.87931824,,,,,,,,,,54.4029007,,,,,,,,,,,,,60.77481,,,,,,,,,,,,,,,,,,,,,,,,,,,
Libya,LBY,"Adult literacy rate, population 15+ years, male (%)",SE.ADT.LITR.MA.ZS,Middle East & North Africa,MEA,,,,,,,,,,,,,,,76.99263,,,,,,,,,,87.72408295,,,,,,,,,,,,,,,,,,,,,,,,,,,,,,,,,,,,,,,,
St. Lucia,LCA,"Adult literacy rate, population 15+ years, male (%)",SE.ADT.LITR.MA.ZS,Latin America & Caribbean,LCN,,,,,,,,,,,,,,,,,,,,,,,,,,,,,,,,,,,,,,,,,,,,,,,,,,,,,,,,,,,,,,,,,
Latin America & Caribbean,LCN,"Adult literacy rate, population 15+ years, male (%)",SE.ADT.LITR.MA.ZS,,,,,,,,,,,,,,,,,,88.31056213,88.31056213,88.31056213,88.31056213,88.31056213,88.31056213,88.31056213,88.31056213,88.31056213,88.31056213,90.58026886,90.58026886,90.58026886,90.58026886,90.58026886,90.58026886,90.58026886,90.58026886,90.58026886,90.58026886,93.12031555,93.12031555,93.12031555,93.12031555,93.12031555,93.12031555,93.12031555,93.12031555,93.12031555,93.12031555,,,,,,,,,,,,,,,,,,,,
Least developed countries: UN classification,LDC,"Adult literacy rate, population 15+ years, male (%)",SE.ADT.LITR.MA.ZS,,,,,,,,,,,,,,,,,,56.63321686,56.63321686,56.63321686,56.63321686,56.63321686,56.63321686,56.63321686,56.63321686,56.63321686,56.63321686,63.26640701,63.26640701,63.26640701,63.26640701,63.26640701,63.26640701,63.26640701,63.26640701,63.26640701,63.26640701,68.33071136,68.33071136,68.33071136,68.33071136,68.33071136,68.33071136,68.33071136,68.33071136,68.33071136,68.33071136,,,,,,,,,,,,,,,,,,,,
Low income,LIC,"Adult literacy rate, population 15+ years, male (%)",SE.ADT.LITR.MA.ZS,,,,,,,,,,,,,,,,,,56.78993988,56.78993988,56.78993988,56.78993988,56.78993988,56.78993988,56.78993988,56.78993988,56.78993988,56.78993988,63.1827774,63.1827774,63.1827774,63.1827774,63.1827774,63.18278122,63.1827774,63.1827774,63.1827774,63.1827774,65.61077118,65.61077118,65.61077118,65.61077118,65.61077118,65.61077118,65.61077118,65.61077118,65.61077118,65.61077118,,,,,,,,,,,,,,,,,,,,
Liechtenstein,LIE,"Adult literacy rate, population 15+ years, male (%)",SE.ADT.LITR.MA.ZS,Europe & Central Asia,ECS,,,,,,,,,,,,,,,,,,,,,,,,,,,,,,,,,,,,,,,,,,,,,,,,,,,,,,,,,,,,,,,,,
Sri Lanka,LKA,"Adult literacy rate, population 15+ years, male (%)",SE.ADT.LITR.MA.ZS,South Asia,SAS,,,,,,,,,,,,91.3483963,,,,,,,,,,,,,,,,,,,,92.2702,,,,,92.71365,,92.24393,,92.57847,,,,,,,,,,,,,,,,,,,,,,,,
Lower middle income,LMC,"Adult literacy rate, population 15+ years, male (%)",SE.ADT.LITR.MA.ZS,,,,,,,,,,,,,,,,,,68.66698456,68.66698456,68.66698456,68.66698456,68.66698456,68.66697693,68.66698456,68.66698456,68.66698456,68.66698456,76.30448914,76.30448914,76.30448914,76.30448914,76.30448914,76.30448914,76.30448914,76.30448914,76.30448914,76.30448914,80.92637634,80.92637634,80.92637634,80.92637634,80.92637634,80.92637634,80.92637634,80.92637634,80.92637634,80.92637634,,,,,,,,,,,,,,,,,,,,
Low & middle income,LMY,"Adult literacy rate, population 15+ years, male (%)",SE.ADT.LITR.MA.ZS,,,,,,,,,,,,,,,,,,77.90446472,77.90446472,77.90446472,77.90446472,77.90446472,77.90446472,77.90446472,77.90446472,77.90446472,77.90446472,84.06062317,84.06062317,84.06062317,84.06062317,84.06062317,84.06062317,84.06062317,84.06062317,84.06062317,84.06062317,87.0526886,87.0526886,87.0526886,87.0526886,87.0526886,87.0526886,87.0526886,87.0526886,87.0526886,87.0526886,,,,,,,,,,,,,,,,,,,,
Lesotho,LSO,"Adult literacy rate, population 15+ years, male (%)",SE.ADT.LITR.MA.ZS,Sub-Saharan Africa,SSF,,,,,,,,,,,,,,,,,,,,,,,,,,,,,,,79.99578,,,,,,,,,65.52196,,,,,67.74747,,,,,,,,,,,,,,,,,,,,
Lithuania,LTU,"Adult literacy rate, population 15+ years, male (%)",SE.ADT.LITR.MA.ZS,Europe & Central Asia,ECS,,,,,,,,,,,,,,,,,,,,99.20681,,,,,,,,,,,,99.64315,,,,,,,,,,99.79419,,,,,,,,,,,,,,,,,,,,,,,
Luxembourg,LUX,"Adult literacy rate, population 15+ years, male (%)",SE.ADT.LITR.MA.ZS,Europe & Central Asia,ECS,,,,,,,,,,,,,,,,,,,,,,,,,,,,,,,,,,,,,,,,,,,,,,,,,,,,,,,,,,,,,,,,,
Latvia,LVA,"Adult literacy rate, population 15+ years, male (%)",SE.ADT.LITR.MA.ZS,Europe & Central Asia,ECS,,,,,,,,,,,,,,,,,,,,99.75453949,,,,,,,,,,,99.79334,,,,,,,,,,,99.8811,,,,,,,,,,,,,,,,,,,,,,,
"Macao SAR, China",MAC,"Adult literacy rate, population 15+ years, male (%)",SE.ADT.LITR.MA.ZS,East Asia & Pacific,EAS,,,,,,,,,,,,92.80967712,,,,,,,,,,,,,,,,,,,,95.27621,,,,,96.46999,,,,,97.75129,,,,,98.18592,,,,,,,,,,,,,,,,,,
St. Martin (French part),MAF,"Adult literacy rate, population 15+ years, male (%)",SE.ADT.LITR.MA.ZS,Latin America & Caribbean,LCN,,,,,,,,,,,,,,,,,,,,,,,,,,,,,,,,,,,,,,,,,,,,,,,,,,,,,,,,,,,,,,,,,
Morocco,MAR,"Adult literacy rate, population 15+ years, male (%)",SE.ADT.LITR.MA.ZS,Middle East & North Africa,MEA,,,,,,,,,,,,,43.7143898,,,,,,,,,,,,55.15517044,,,,,,,,,,65.70676,,,,68.36586,68.91762,,76.07358,80.38336,,,,,,,,,,,,,,,,,,,,,,
Monaco,MCO,"Adult literacy rate, population 15+ years, male (%)",SE.ADT.LITR.MA.ZS,Europe & Central Asia,ECS,,,,,,,,,,,,,,,,,,,,,,,,,,,,,,,,,,,,,,,,,,,,,,,,,,,,,,,,,,,,,,,,,
Moldova,MDA,"Adult literacy rate, population 15+ years, male (%)",SE.ADT.LITR.MA.ZS,Europe & Central Asia,ECS,,,,,,,,,,,,,,,,,,,,98.61405182,,,,,,,,,,,97.97762,,,,,,,,,,,,99.37359,,,,,,,,,,,,,,,,,,,,,,
Madagascar,MDG,"Adult literacy rate, population 15+ years, male (%)",SE.ADT.LITR.MA.ZS,Sub-Saharan Africa,SSF,,,,,,,,,,,,,,,,,,,,,,,,,,,,,,,76.53832,,,,,,,,,67.41731,,,75.02887,,,,,,,,,,,,,,,,,,,,,,
Maldives,MDV,"Adult literacy rate, population 15+ years, male (%)",SE.ADT.LITR.MA.ZS,South Asia,SAS,,,,,,,,82.40484619,,,,,,,,92.11401367,,,,,95.89713287,,,,,96.21227264,,,,,,,,,,,98.36569,,,,,,,,98.52034,,,,,,,,,,,,,,,,,,,,
Middle East & North Africa,MEA,"Adult literacy rate, population 15+ years, male (%)",SE.ADT.LITR.MA.ZS,,,,,,,,,,,,,,,,,,69.99984741,69.99984741,69.99984741,69.99984741,69.99984741,69.99984741,69.99984741,69.99984741,69.99984741,69.99984741,79.62911224,79.62911224,79.62911224,79.62911224,79.62911224,79.62911224,79.62911224,79.62911224,79.62911224,79.62911224,87.2885437,87.2885437,87.2885437,87.2885437,87.2885437,87.2885437,87.2885437,87.2885437,87.2885437,87.2885437,,,,,,,,,,,,,,,,,,,,
Mexico,MEX,"Adult literacy rate, population 15+ years, male (%)",SE.ADT.LITR.MA.ZS,Latin America & Caribbean,LCN,,,,,,,,,,,86.24265289,,,,,,,,,,90.34739685,,,,,,,,,,92.55937,,91.9978,,92.44961,93.19041,93.9012,94.44151,94.59216,94.91657,94.38394,94.78277,95.39163,95.11211,95.62047,95.54933,,,,,,,,,,,,,,,,,,,
Marshall Islands,MHL,"Adult literacy rate, population 15+ years, male (%)",SE.ADT.LITR.MA.ZS,East Asia & Pacific,EAS,,,,,,,,,,,,,,,,,,,,,,,,,,,,,,,,,,,,,,,,,,98.32509,,,,,,,,,,,,,,,,,,,,,,,
Middle income,MIC,"Adult literacy rate, population 15+ years, male (%)",SE.ADT.LITR.MA.ZS,,,,,,,,,,,,,,,,,,79.37788391,79.37788391,79.37788391,79.37788391,79.37788391,79.37789154,79.37788391,79.37788391,79.37788391,79.37788391,85.61858368,85.61858368,85.61858368,85.61858368,85.61858368,85.61858368,85.61858368,85.61858368,85.61858368,85.61858368,88.74941254,88.74941254,88.74941254,88.74941254,88.74941254,88.74941254,88.74941254,88.74941254,88.74941254,88.74941254,,,,,,,,,,,,,,,,,,,,
"Macedonia, FYR",MKD,"Adult literacy rate, population 15+ years, male (%)",SE.ADT.LITR.MA.ZS,Europe & Central Asia,ECS,,,,,,,,,,,,,,,,,,,,,,,,,97.23235321,,,,,,,,98.21278,,,,,,,,,,,,,,,,,,,,,,,,,,,,,,,,
Mali,MLI,"Adult literacy rate, population 15+ years, male (%)",SE.ADT.LITR.MA.ZS,Sub-Saharan Africa,SSF,,,,,,,13.51292038,,,,,,,,,,,,,,,,,,,,,,26.73296928,,,,,32.7,,,34.85789,,,,43.40063,43.27392,,,,45.06592,,,,,,,,,,,,,,,,,,,
Malta,MLT,"Adult literacy rate, population 15+ years, male (%)",SE.ADT.LITR.MA.ZS,Middle East & North Africa,MEA,,,,,,,,,,,,,,,,85.19882202,,,,,,,,,,86.43028259,,,,,,,,,,91.18658,,,,,,91.79265,,,,,,,,,,,,,,,,,,,,,,,
Myanmar,MMR,"Adult literacy rate, population 15+ years, male (%)",SE.ADT.LITR.MA.ZS,East Asia & Pacific,EAS,,,,,,,,,,,,,,85.7883606,,,,,,,,,,,,,,,,,93.92426,,,,,,,,,,,,,,,,80.01159,,,,,,,,,,,,,,,,,,
Middle East & North Africa (excluding high income),MNA,"Adult literacy rate, population 15+ years, male (%)",SE.ADT.LITR.MA.ZS,,,,,,,,,,,,,,,,,,68.02909851,68.02909851,68.02909851,68.02909851,68.02909851,68.02909851,68.02909851,68.02909851,68.02909851,68.02909851,77.94811249,77.94811249,77.94811249,77.94811249,77.94811249,77.94811249,77.94811249,77.94811249,77.94811249,77.94811249,85.5463562,85.5463562,85.5463562,85.5463562,85.5463562,85.5463562,85.5463562,85.5463562,85.5463562,85.5463562,,,,,,,,,,,,,,,,,,,,
Montenegro,MNE,"Adult literacy rate, population 15+ years, male (%)",SE.ADT.LITR.MA.ZS,Europe & Central Asia,ECS,,,,,,,,,,,,96.32008362,,,,,,,,,,97.58599854,,,,,,,,,,,,99.30319,,,,,,,,99.43121,,,,,,,,,,,,,,,,,,,,,,,
Mongolia,MNG,"Adult literacy rate, population 15+ years, male (%)",SE.ADT.LITR.MA.ZS,East Asia & Pacific,EAS,,,,,,,,,,,,,,,,,,,,,,,,,,,,,,,98.01678,,,,,,,,,,98.1747,,,,,,,,,,,,,,,,,,,,,,,,
Northern Mariana Islands,MNP,"Adult literacy rate, population 15+ years, male (%)",SE.ADT.LITR.MA.ZS,East Asia & Pacific,EAS,,,,,,,,,,,,,,,,,,,,,,,,,,,,,,,,,,,,,,,,,,,,,,,,,,,,,,,,,,,,,,,,,
Mozambique,MOZ,"Adult literacy rate, population 15+ years, male (%)",SE.ADT.LITR.MA.ZS,Sub-Saharan Africa,SSF,,,,,,,,,,,43.9546814,,,,,,,,,,,,,,,,,54.81887817,,,,,,65.5771,,,,,,67.3547,,,,,,,,,,,,,,,,,,,,,,,,,
Mauritania,MRT,"Adult literacy rate, population 15+ years, male (%)",SE.ADT.LITR.MA.ZS,Sub-Saharan Africa,SSF,,,,,,,,,,,,,,,,,,,,,,,,,,,,,,,59.54033,,,,,,,57.40438,,,,,,,,,,,,,,,,,,,,,,,,,,,
Mauritius,MUS,"Adult literacy rate, population 15+ years, male (%)",SE.ADT.LITR.MA.ZS,Sub-Saharan Africa,SSF,,,,,,,,,,,,,,,,,,,,,85.14575195,,,,,,,,,,88.22786,,,,,,,,,,,91.95172,94.65241,94.03689,94.76538,94.86117,,,,,,,,,,,,,,,,,,,
Malawi,MWI,"Adult literacy rate, population 15+ years, male (%)",SE.ADT.LITR.MA.ZS,Sub-Saharan Africa,SSF,,,,,,,,,,,,,,,,,,65.27950287,,,,,,,,,,,74.92640686,,,,,,,,,,,,72.09765,,,,75.97926,69.75397,,,,,,,,,,,,,,,,,,,
Malaysia,MYS,"Adult literacy rate, population 15+ years, male (%)",SE.ADT.LITR.MA.ZS,East Asia & Pacific,EAS,,,,,,,,,,,78.14633179,,,,,,,,,,,88.56298828,,,,,,,,,91.96924,,,,,,,,,,95.43375,,,,,,,,,,,,,,,,,,,,,,,,
North America,NAC,"Adult literacy rate, population 15+ years, male (%)",SE.ADT.LITR.MA.ZS,,,,,,,,,,,,,,,,,,,,,,,,,,,,,,,,,,,,,,,,,,,,,,,,,,,,,,,,,,,,,,,,,,,
Namibia,NAM,"Adult literacy rate, population 15+ years, male (%)",SE.ADT.LITR.MA.ZS,Sub-Saharan Africa,SSF,,,,,,,,,,,,,,,,,,,,,,77.80812073,,,,,,,,,,86.55523,,,,,,74.32835,,,,88.63123,,,,,,,,,,,,,,,,,,,,,,,
New Caledonia,NCL,"Adult literacy rate, population 15+ years, male (%)",SE.ADT.LITR.MA.ZS,East Asia & Pacific,EAS,,,,,,,92.19094086,,,,,,,,,,,,,94.04418945,,,,,,,96.78476715,,,,,,,,,,,,,,,,,,,,,,,,,,,,,,,,,,,,,,
Niger,NER,"Adult literacy rate, population 15+ years, male (%)",SE.ADT.LITR.MA.ZS,Sub-Saharan Africa,SSF,,,,,,,,,,,,,,,,,,,,,,,,,,,,,,,,19.64006,,,,42.92737,,,,,,,23.24747,,,,,,,,,,,,,,,,,,,,,,
Nigeria,NGA,"Adult literacy rate, population 15+ years, male (%)",SE.ADT.LITR.MA.ZS,Sub-Saharan Africa,SSF,,,,,,,,,,,,,,,,,,,,,,67.65373993,,,,,,,,,,,,66.76743,,,,,61.25405,,,,,,,,,,,,,,,,,,,,,,,,,,
Nicaragua,NIC,"Adult literacy rate, population 15+ years, male (%)",SE.ADT.LITR.MA.ZS,Latin America & Caribbean,LCN,,,,,,,,,,,,,,,,,,,,,,,,,,,,,,,,76.76049,,,,78.09643,,,,,,,,,,,,,,,,,,,,,,,,,,,,,
Netherlands,NLD,"Adult literacy rate, population 15+ years, male (%)",SE.ADT.LITR.MA.ZS,Europe & Central Asia,ECS,,,,,,,,,,,,,,,,,,,,,,,,,,,,,,,,,,,,,,,,,,,,,,,,,,,,,,,,,,,,,,,,,
Norway,NOR,"Adult literacy rate, population 15+ years, male (%)",SE.ADT.LITR.MA.ZS,Europe & Central Asia,ECS,,,,,,,,,,,,,,,,,,,,,,,,,,,,,,,,,,,,,,,,,,,,,,,,,,,,,,,,,,,,,,,,,
Nepal,NPL,"Adult literacy rate, population 15+ years, male (%)",SE.ADT.LITR.MA.ZS,South Asia,SAS,,,,,,,,,,,,31.67275047,,,,,,,,,,49.22002029,,,,,,,,,,62.70801,,,,,,,,,,71.70838,,,,,,,,,,,,,,,,,,,,,,,
Nauru,NRU,"Adult literacy rate, population 15+ years, male (%)",SE.ADT.LITR.MA.ZS,,,,,,,,,,,,,,,,,,,,,,,,,,,,,,,,,,,,,,,,,,,,,,,,,,,,,,,,,,,,,,,,,,,
New Zealand,NZL,"Adult literacy rate, population 15+ years, male (%)",SE.ADT.LITR.MA.ZS,East Asia & Pacific,EAS,,,,,,,,,,,,,,,,,,,,,,,,,,,,,,,,,,,,,,,,,,,,,,,,,,,,,,,,,,,,,,,,,
OECD members,OED,"Adult literacy rate, population 15+ years, male (%)",SE.ADT.LITR.MA.ZS,,,,,,,,,,,,,,,,,,,,,,,,,,,,,,,,,,,,,,,,,,,,,,,,,,,,,,,,,,,,,,,,,,,
Oman,OMN,"Adult literacy rate, population 15+ years, male (%)",SE.ADT.LITR.MA.ZS,Middle East & North Africa,MEA,,,,,,,,,,,,,,,,,,,,,,,,,,,,,,,,,,86.86234,,,,,89.99932,,90.24303,,,,94.99074,96.63287,,,,,,,,,,,,,,,,,,,
Pakistan,PAK,"Adult literacy rate, population 15+ years, male (%)",SE.ADT.LITR.MA.ZS,South Asia,SAS,,,,,,,,,,,,35.38064957,,,,,,,,,,,,,,,,,55.29661179,,,,,,,64.06048,67.65184,,68.8661,68.62762,68.90061,66.99114,69.85822,68.62934,69.06681,,,,,,,,,,,,,,,,,,,,
Panama,PAN,"Adult literacy rate, population 15+ years, male (%)",SE.ADT.LITR.MA.ZS,Latin America & Caribbean,LCN,,,,,,,,,,,88.09651947,,,,,,,,,,89.33695984,,,,,,,,,,92.54793,,,,,,,,,,94.70741,,,,,,,,,,,,,,,,,,,,,,,,
Peru,PER,"Adult literacy rate, population 15+ years, male (%)",SE.ADT.LITR.MA.ZS,Latin America & Caribbean,LCN,,,,,,,,,,,,90.1435318,,,,,,,,,,,,92.85101318,,,,,,,,,,,93.4607,93.71831,94.22582,94.85703,,,,,96.95013,,96.94898,97.10638,97.18846,,,,,,,,,,,,,,,,,,
Philippines,PHL,"Adult literacy rate, population 15+ years, male (%)",SE.ADT.LITR.MA.ZS,East Asia & Pacific,EAS,,,,,,,,,,,83.88928986,,,,,,,,,,93.97168732,,,,,,,,,,92.545,,,91.63449,,,,,95.01213,,,,,96.00834,,,,,,,,,,,,,,,,,,,,,
Palau,PLW,"Adult literacy rate, population 15+ years, male (%)",SE.ADT.LITR.MA.ZS,East Asia & Pacific,EAS,,,,,,,,,,,93.2873764,,,,,,,,,,,,,,95.36660004,,,,,,,,,,,,,,,,,,,99.46721,,96.81275,,,,,,,,,,,,,,,,,,,
Papua New Guinea,PNG,"Adult literacy rate, population 15+ years, male (%)",SE.ADT.LITR.MA.ZS,East Asia & Pacific,EAS,,,,,,,,,,,,,,,,,,,,,,,,,,,,,,,63.44522,,,,,,,,,,,,,,,,,,,,,,,,,,,,,,,,,,
Poland,POL,"Adult literacy rate, population 15+ years, male (%)",SE.ADT.LITR.MA.ZS,Europe & Central Asia,ECS,,,,,,,,,99.27516937,,,,,,,,,,,,,,,,99.71308136,,,,,,,,,,,,,,,,,,,,,,,,,,,,,,,,,,,,,,,,
Puerto Rico,PRI,"Adult literacy rate, population 15+ years, male (%)",SE.ADT.LITR.MA.ZS,Latin America & Caribbean,LCN,,,,,,,,,,,87.74803162,,,,,,,,,,89.50269318,,,,,,,,,,,,,,,,,,,,91.33078,,,,,,,,,,,,,,,,,,,,,,,,
"Korea, Dem. People’s Rep.",PRK,"Adult literacy rate, population 15+ years, male (%)",SE.ADT.LITR.MA.ZS,East Asia & Pacific,EAS,,,,,,,,,,,,,,,,,,,,,,,,,,,,,,,,,,,,,,,99.99888,,,,,,,,,,,,,,,,,,,,,,,,,,
Portugal,PRT,"Adult literacy rate, population 15+ years, male (%)",SE.ADT.LITR.MA.ZS,Europe & Central Asia,ECS,,,,,,,,,,,,84.83334351,,,,,,,,,,91.58705902,,,,,,,,,,,,,,,,,,,,96.28558,,,,,,,,,,,,,,,,,,,,,,,
Paraguay,PRY,"Adult literacy rate, population 15+ years, male (%)",SE.ADT.LITR.MA.ZS,Latin America & Caribbean,LCN,,,,,,,,,,,,,81.08306885,,,,,,,,,,92.00015259,,,,,,,,,,,,,,,95.71238,94.12632,94.36773,94.81315,,,,95.54606,95.84588,,,,,,,,,,,,,,,,,,,
West Bank and Gaza,PSE,"Adult literacy rate, population 15+ years, male (%)",SE.ADT.LITR.MA.ZS,Middle East & North Africa,MEA,,,,,,,,,,,,,,,,,,,,,,,,,,,,92.24350739,,,,,,,96.54279,,97.07989,97.23721,94.88419,97.43125,97.62902,97.857,98.1918,98.39109,98.40231,98.4809,98.60784,,,,,,,,,,,,,,,,,,
French Polynesia,PYF,"Adult literacy rate, population 15+ years, male (%)",SE.ADT.LITR.MA.ZS,East Asia & Pacific,EAS,,,,,,,,,,,,,,,,,,,,,,,,,,,,,,,,,,,,,,,,,,,,,,,,,,,,,,,,,,,,,,,,,
Qatar,QAT,"Adult literacy rate, population 15+ years, male (%)",SE.ADT.LITR.MA.ZS,Middle East & North Africa,MEA,,,,,,,,,,,,,,,,,76.79582977,,,,,,,,,,,84.24456024,,,,,,,89.10427,,,93.80682,94.2906,95.11571,96.51166,96.62583,96.92077,97.58471,97.7937,,,,,,,,,,,,,,,,,,,,
Romania,ROU,"Adult literacy rate, population 15+ years, male (%)",SE.ADT.LITR.MA.ZS,Europe & Central Asia,ECS,,,,,,,,,,,,,,,,,,,,,,,98.53202057,,,,,,,,,,98.4044,,,,,,,,,99.03429,,,,,,,,,,,,,,,,,,,,,,,
Russian Federation,RUS,"Adult literacy rate, population 15+ years, male (%)",SE.ADT.LITR.MA.ZS,Europe & Central Asia,ECS,,,,,,,,,,,,,,,,,,,,99.45623779,,,,,,,,,,,,,99.69408,,,,,,,,99.72831,,,,,,,,,,,,,,,,,,,,,,,,
Rwanda,RWA,"Adult literacy rate, population 15+ years, male (%)",SE.ADT.LITR.MA.ZS,Sub-Saharan Africa,SSF,,,,,,,,,50.82326126,,,,,,,,,,,,,67.69941711,,,,,,,,,71.41938,,,,,,,,,,71.13054,,72.44518,,,,,,,,,,,,,,,,,,,,,,
South Asia,SAS,"Adult literacy rate, population 15+ years, male (%)",SE.ADT.LITR.MA.ZS,,,,,,,,,,,,,,,,,,59.34525299,59.34525299,59.34525299,59.34525299,59.34525299,59.34525299,59.34525299,59.34525299,59.34525299,59.34525299,69.82589722,69.82589722,69.82589722,69.82589722,69.82589722,69.82589722,69.82589722,69.82589722,69.82589722,69.82589722,76.02194214,76.02194214,76.02194214,76.02194214,76.02194214,76.02194214,76.02194214,76.02194214,76.02194214,76.02194214,,,,,,,,,,,,,,,,,,,,
Saudi Arabia,SAU,"Adult literacy rate, population 15+ years, male (%)",SE.ADT.LITR.MA.ZS,Middle East & North Africa,MEA,,,,,,,,,,,,,,,,,,,,,,,79.96852875,,,,,,,,87.06077,,,,87.53204,,,,,,,,,96.53143,,,,,,,,,,,,,,,,,,,,,
Sudan,SDN,"Adult literacy rate, population 15+ years, male (%)",SE.ADT.LITR.MA.ZS,Sub-Saharan Africa,SSF,,,,,,,,,,,,,,,,,,,,,,,,,,,,,,,71.58102,,,,,,,,59.79825,,,,,,,,,,,,,,,,,,,,,,,,,,
Senegal,SEN,"Adult literacy rate, population 15+ years, male (%)",SE.ADT.LITR.MA.ZS,Sub-Saharan Africa,SSF,,,,,,,,,,,,,,,,,,,36.90288162,,,,,,,,,,,,,,51.05153,,,,52.25848,,,61.80952,,66.34154,,52.80447,,,,,,,,,,,,,,,,,,,,,
Singapore,SGP,"Adult literacy rate, population 15+ years, male (%)",SE.ADT.LITR.MA.ZS,East Asia & Pacific,EAS,,,,,,,,,,,91.56623077,,,,,,,,,,95.09316254,,,,,,,,,,96.5651,,,,,,,,,,98.03714,98.39284,98.46946,98.54254,98.60895,98.55957,98.73453,,,,,,,,,,,,,,,,,,
Solomon Islands,SLB,"Adult literacy rate, population 15+ years, male (%)",SE.ADT.LITR.MA.ZS,East Asia & Pacific,EAS,,,,,,,,,,,,,,,,,,,,,,,,,,,,,,83.7,,,,,,,,,,,,,,,,,,,,,,,,,,,,,,,,,,,
Sierra Leone,SLE,"Adult literacy rate, population 15+ years, male (%)",SE.ADT.LITR.MA.ZS,Sub-Saharan Africa,SSF,,,,,,,,,,,,,,,,,,,,,,,,,,,,,,,,,,,46.65429,,,,,,,,,41.33217,,,,,,,,,,,,,,,,,,,,,
El Salvador,SLV,"Adult literacy rate, population 15+ years, male (%)",SE.ADT.LITR.MA.ZS,Latin America & Caribbean,LCN,,,,,,,,,,,,,,,,,,,,,,,77.37241364,,,,,,,,,,,,,,86.69534,84.86407,87.05468,86.82521,87.0997,88.39165,,89.23501,,90.00994,,,,,,,,,,,,,,,,,,,
San Marino,SMR,"Adult literacy rate, population 15+ years, male (%)",SE.ADT.LITR.MA.ZS,Europe & Central Asia,ECS,,,,,,,,,,,,,,,,,,,,,,,,,,,,,,,,,,,,,,,,,,,,,,,,,,,,,,,,,,,,,,,,,
Somalia,SOM,"Adult literacy rate, population 15+ years, male (%)",SE.ADT.LITR.MA.ZS,Sub-Saharan Africa,SSF,,,,,,,,,,,,,,,,,,,,,,,,,,,,,,,,,,,,,,,,,,,,,,,,,,,,,,,,,,,,,,,,,
Serbia,SRB,"Adult literacy rate, population 15+ years, male (%)",SE.ADT.LITR.MA.ZS,Europe & Central Asia,ECS,,,,,,,,,,,,,,,,,,,,,,,,,,,,,,,,,,,,,,,,,,99.26464,,,,,99.4997,,,,,,,,,,,,,,,,,,
Sub-Saharan Africa (excluding high income),SSA,"Adult literacy rate, population 15+ years, male (%)",SE.ADT.LITR.MA.ZS,,,,,,,,,,,,,,,,,,,,,,,,,,,,67.20457458,67.20457458,67.20457458,67.20457458,67.20457458,67.20457458,67.20457458,67.20457458,67.20457458,67.20457458,69.21968842,69.21968842,69.21968842,69.21968842,69.21968842,69.21968842,69.21968842,69.21968842,69.21968842,69.21968842,,,,,,,,,,,,,,,,,,,,
South Sudan,SSD,"Adult literacy rate, population 15+ years, male (%)",SE.ADT.LITR.MA.ZS,Sub-Saharan Africa,SSF,,,,,,,,,,,,,,,,,,,,,,,,,,,,,,,,,,,,,,,34.83693,,,,,,,,,,,,,,,,,,,,,,,,,,
Sub-Saharan Africa,SSF,"Adult literacy rate, population 15+ years, male (%)",SE.ADT.LITR.MA.ZS,,,,,,,,,,,,,,,,,,,,,,,,,,,,67.20840454,67.20840454,67.20840454,67.20840454,67.20840454,67.20840454,67.20840454,67.20840454,67.20840454,67.20840454,69.22330475,69.22330475,69.22330475,69.22330475,69.22330475,69.22330475,69.22330475,69.22330475,69.22330475,69.22330475,,,,,,,,,,,,,,,,,,,,
Sao Tome and Principe,STP,"Adult literacy rate, population 15+ years, male (%)",SE.ADT.LITR.MA.ZS,Sub-Saharan Africa,SSF,,,,,,,,,,,,73.14115143,,,,,,,,,,85.24964142,,,,,,,,,,92.23467,,,,,,,80.33024,,,,94.95617,,,,,,,,,,,,,,,,,,,,,,
Suriname,SUR,"Adult literacy rate, population 15+ years, male (%)",SE.ADT.LITR.MA.ZS,Latin America & Caribbean,LCN,,,,,,,,,,,,,,,,,,,,,,,,,,,,,,,,,,,92.01633,,,,95.49294,,95.36479,,94.86987,,,,,,,,,,,,,,,,,,,,,,
Slovak Republic,SVK,"Adult literacy rate, population 15+ years, male (%)",SE.ADT.LITR.MA.ZS,Europe & Central Asia,ECS,,,,,,,,,,,,,,,,,,,,,,,,,,,,,,,,,,,,,,,,,,,,,,,,,,,,,,,,,,,,,,,,,
Slovenia,SVN,"Adult literacy rate, population 15+ years, male (%)",SE.ADT.LITR.MA.ZS,Europe & Central Asia,ECS,,,,,,,,,,,,,,,,,,,,,,99.60208893,,,,,,,,,,,,,,,,,,,,,,,,,,,,,,,,,,,,,,,,,,,
Sweden,SWE,"Adult literacy rate, population 15+ years, male (%)",SE.ADT.LITR.MA.ZS,Europe & Central Asia,ECS,,,,,,,,,,,,,,,,,,,,,,,,,,,,,,,,,,,,,,,,,,,,,,,,,,,,,,,,,,,,,,,,,
Swaziland,SWZ,"Adult literacy rate, population 15+ years, male (%)",SE.ADT.LITR.MA.ZS,Sub-Saharan Africa,SSF,,,,,,,57.38439178,,,,,,,,,,69.68347168,,,,,,,,,,,,,,83.15462,,,,,,,,,,83.90015,,,,,,,,,,,,,,,,,,,,,,,,
Sint Maarten (Dutch part),SXM,"Adult literacy rate, population 15+ years, male (%)",SE.ADT.LITR.MA.ZS,Latin America & Caribbean,LCN,,,,,,,,,,,,,,,,,,,,,,,,,,,,,,,,,,,,,,,,,,,,,,,,,,,,,,,,,,,,,,,,,
Seychelles,SYC,"Adult literacy rate, population 15+ years, male (%)",SE.ADT.LITR.MA.ZS,Sub-Saharan Africa,SSF,,,,,,,,,,,,,,,,,,82.93166351,,,,,,,87.01515961,,,,,,,,91.40732,,,,,,,,93.46392,,,,,,,,,,,,,,,,,,,,,,,,
Syrian Arab Republic,SYR,"Adult literacy rate, population 15+ years, male (%)",SE.ADT.LITR.MA.ZS,Middle East & North Africa,MEA,,,,,,,,,,,,73.58422089,,,,,,,,,,,,,,,,,,,,,91.02857,,87.75814,,,,,,,,,,,,,,,,,,,,,,,,,,,,,,
Turks and Caicos Islands,TCA,"Adult literacy rate, population 15+ years, male (%)",SE.ADT.LITR.MA.ZS,Latin America & Caribbean,LCN,,,,,,,,,,,,,,,,,,,,,,,,,,,,,,,,,,,,,,,,,,,,,,,,,,,,,,,,,,,,,,,,,
Chad,TCD,"Adult literacy rate, population 15+ years, male (%)",SE.ADT.LITR.MA.ZS,Sub-Saharan Africa,SSF,,,,,,,,,,,,,,,,,,,,,,,,18.26059914,,,,,,,40.82706,,,,39.36825,,,,,,,,,,,38.9182,31.32879,,,,,,,,,,,,,,,,,,
Togo,TGO,"Adult literacy rate, population 15+ years, male (%)",SE.ADT.LITR.MA.ZS,Sub-Saharan Africa,SSF,,,,,,,,,,,,,,,,,,,,,,,,,,,,,,,68.72574,,,,,,70.27027,,,71.16635,,74.05682,,,,77.25943,,,,,,,,,,,,,,,,,,,
Thailand,THA,"Adult literacy rate, population 15+ years, male (%)",SE.ADT.LITR.MA.ZS,East Asia & Pacific,EAS,,,,,,,,,,,92.21295929,,,,,,,,,,,,,,,,,,,,94.90157,,,,,95.60024,,,,,96.43502,,,95.25126,,94.65912,,,,,,,,,,,,,,,,,,,
Tajikistan,TJK,"Adult literacy rate, population 15+ years, male (%)",SE.ADT.LITR.MA.ZS,Europe & Central Asia,ECS,,,,,,,,,,,,,,,,,,,,98.79109192,,,,,,,,,,,99.68399,,,,,,,,,,,,,,,,,,,,,,,,,,,,,,,,,,
Turkmenistan,TKM,"Adult literacy rate, population 15+ years, male (%)",SE.ADT.LITR.MA.ZS,Europe & Central Asia,ECS,,,,,,,,,,,,,,,,,,,,,,,,,,99.32498169,,,,,,,,,,,,,,,,,,,,,,,,,,,,,,,,,,,,,,,
Timor-Leste,TLS,"Adult literacy rate, population 15+ years, male (%)",SE.ADT.LITR.MA.ZS,East Asia & Pacific,EAS,,,,,,,,,,,,,,,,,,,,,,,,,,,,,,,,45.3,,,,,,58.5,,,63.59179,,,,,,,,,,,,,,,,,,,,,,,,
Tonga,TON,"Adult literacy rate, population 15+ years, male (%)",SE.ADT.LITR.MA.ZS,East Asia & Pacific,EAS,,,,,,,99.65866089,,,,,,,,,,,,,,,,,,,,98.83406067,,,,,,,,,,98.95388,,,,,99.3351,,,,,,,,,,,,,,,,,,,,,,,
Trinidad and Tobago,TTO,"Adult literacy rate, population 15+ years, male (%)",SE.ADT.LITR.MA.ZS,Latin America & Caribbean,LCN,,,,,,,,,,,96.52153015,,,,,,,,,,98.00980377,,,,,,,,,,,,,,,,,,,,,,,,,,,,,,,,,,,,,,,,,,,,
Tunisia,TUN,"Adult literacy rate, population 15+ years, male (%)",SE.ADT.LITR.MA.ZS,Middle East & North Africa,MEA,,,,,,,,,,,,,,,60.40723038,,,,,,,,,,70.25630951,,,,,,,,,,83.38509,,,86.05368,86.37581,,87.37573,87.76076,88.47578,,86.06012,,,,,,,,,,,,,,,,,,,,
Turkey,TUR,"Adult literacy rate, population 15+ years, male (%)",SE.ADT.LITR.MA.ZS,Europe & Central Asia,ECS,,,,,,77.50393677,,,,,81.44944,,,,,87.61972046,,,,,89.84703064,,,,,,,,,,,,,,95.27349,96.00062,95.99562,96.20186,,96.37771,97.29981,97.93499,98.2629,98.40137,98.49679,98.57562,,,,,,,,,,,,,,,,,,,
Tuvalu,TUV,"Adult literacy rate, population 15+ years, male (%)",SE.ADT.LITR.MA.ZS,East Asia & Pacific,EAS,,,,,,,,,,,,,,,,,,,,,,,,,,,,,,,,,,,,,,,,,,,,,,,,,,,,,,,,,,,,,,,,,
Tanzania,TZA,"Adult literacy rate, population 15+ years, male (%)",SE.ADT.LITR.MA.ZS,Sub-Saharan Africa,SSF,,,,,,,,,,,,,,,,,,,71.3657074,,,,,,,,,,,,,,77.5064,,,,,,,,75.4678,,83.37769,,,83.20485,,,,,,,,,,,,,,,,,,,
Uganda,UGA,"Adult literacy rate, population 15+ years, male (%)",SE.ADT.LITR.MA.ZS,Sub-Saharan Africa,SSF,,,,,,,,,,,,,,,,,,,,,,68.1980896,,,,,,,,,,,78.30402,,,,81.38859,,,,82.63139,,79.12304,,,,,,,,,,,,,,,,,,,,,,
Ukraine,UKR,"Adult literacy rate, population 15+ years, male (%)",SE.ADT.LITR.MA.ZS,Europe & Central Asia,ECS,,,,,,,,,,,,,,,,,,,,,,,,,,,,,,,,99.74343,,,,,,,,,,,99.99394,,,,,,,,,,,,,,,,,,,,,,
Upper middle income,UMC,"Adult literacy rate, population 15+ years, male (%)",SE.ADT.LITR.MA.ZS,,,,,,,,,,,,,,,,,,88.3219223,88.3219223,88.3219223,88.3219223,88.3219223,88.3219223,88.3219223,88.3219223,88.3219223,88.3219223,93.97158051,93.97158051,93.97158051,93.97158051,93.97158051,93.97158051,93.97158051,93.97158051,93.97158051,93.97158051,96.20980835,96.20980835,96.20980835,96.20980835,96.20980835,96.20980835,96.20980835,96.20980835,96.20980835,96.20980835,,,,,,,,,,,,,,,,,,,,
Uruguay,URY,"Adult literacy rate, population 15+ years, male (%)",SE.ADT.LITR.MA.ZS,Latin America & Caribbean,LCN,,,,,,93.38825989,,,,,,,,,,94.83361053,,,,,,,,,,,96.24452972,,,,,,,,,,97.44478,97.42169,97.83128,97.97242,97.61017,98.02311,98.10397,98.06342,98.02507,98.14592,,,,,,,,,,,,,,,,,,,
United States,USA,"Adult literacy rate, population 15+ years, male (%)",SE.ADT.LITR.MA.ZS,North America,NAC,,,,,,,,,,,,,,,,,,,,,,,,,,,,,,,,,,,,,,,,,,,,,,,,,,,,,,,,,,,,,,,,,
Uzbekistan,UZB,"Adult literacy rate, population 15+ years, male (%)",SE.ADT.LITR.MA.ZS,Europe & Central Asia,ECS,,,,,,,,,,,,,,,,,,,,,,,,,,,,,,,99.16444,,,,,,,,,,,,,99.99383,99.98519,99.99204,,,,,,,,,,,,,,,,,,,
St. Vincent and the Grenadines,VCT,"Adult literacy rate, population 15+ years, male (%)",SE.ADT.LITR.MA.ZS,Latin America & Caribbean,LCN,95.80000305,,,,,,,,,,,,,,,,,,,,,,,,,,,,,,,,,,,,,,,,,,,,,,,,,,,,,,,,,,,,,,,,
"Venezuela, RB",VEN,"Adult literacy rate, population 15+ years, male (%)",SE.ADT.LITR.MA.ZS,Latin America & Caribbean,LCN,,,,,,,,,,,,86.48932648,,,,,,,,,90.6725235,,,,,,,,,,,93.25745,,,,,,95.38173,,95.67537,,94.50232,,,,96.65108,97.03911,,,,,,,,,,,,,,,,,,
Virgin Islands (U.S.),VIR,"Adult literacy rate, population 15+ years, male (%)",SE.ADT.LITR.MA.ZS,Latin America & Caribbean,LCN,,,,,,,,,,,,,,,,,,,,,,,,,,,,,,,,,,,,,,,,,,,,,,,,,,,,,,,,,,,,,,,,,
Vietnam,VNM,"Adult literacy rate, population 15+ years, male (%)",SE.ADT.LITR.MA.ZS,East Asia & Pacific,EAS,,,,,,,,,,90.38146973,,,,,,,,,,93.00299072,,,,,,,,,,93.91826,93.93268,,,,,,,,,95.78533,,,,,,,,,,,,,,,,,,,,,,,,,
Vanuatu,VUT,"Adult literacy rate, population 15+ years, male (%)",SE.ADT.LITR.MA.ZS,East Asia & Pacific,EAS,,,,,,,,,,57.33509827,,,,,,,,,,,,,,,71.35108948,,,,,,,,,,,,,,,,,,,,,,,,,,,,,,,,,,,,,,,,
World,WLD,"Adult literacy rate, population 15+ years, male (%)",SE.ADT.LITR.MA.ZS,,,,,,,,,,,,,,,,,,82.30943298,82.30943298,82.30943298,82.30943298,82.30943298,82.3115387,82.30943298,82.30943298,82.30943298,82.30943298,86.92801666,86.92801666,86.92801666,86.92801666,86.92801666,86.92868805,86.92801666,86.92801666,86.92801666,86.92801666,89.20466614,89.20466614,89.20466614,89.20466614,89.20466614,89.20568848,89.20466614,89.20466614,89.20466614,89.20466614,,,,,,,,,,,,,,,,,,,,
Samoa,WSM,"Adult literacy rate, population 15+ years, male (%)",SE.ADT.LITR.MA.ZS,East Asia & Pacific,EAS,,,,,,,,,,,,,,,,,,,,,,98.41568756,,,,,,,,,,,,,,,,,,,,98.88192,,,,,,,,,,,,,,,,,,,,,,,
Kosovo,XKX,"Adult literacy rate, population 15+ years, male (%)",SE.ADT.LITR.MA.ZS,Europe & Central Asia,ECS,,,,,,,,,,,,,,,,,,,,,,,,,,,,,,,,,,,,,,,,,,,,,,,,,,,,,,,,,,,,,,,,,
"Yemen, Rep.",YEM,"Adult literacy rate, population 15+ years, male (%)",SE.ADT.LITR.MA.ZS,Middle East & North Africa,MEA,,,,,,,,,,,,,,,,,,,,,,,,,56.72475052,,,,,,,,,,,,,,,,,,,,,,,,,,,,,,,,,,,,,,,,
South Africa,ZAF,"Adult literacy rate, population 15+ years, male (%)",SE.ADT.LITR.MA.ZS,Sub-Saharan Africa,SSF,,,,,,,,,,,77.52559662,,,,,,,,,,,,,,,,84.07138062,,,,,,,,,,,90.71759,,94.12146,94.14385,94.24509,94.96372,,95.28685,95.39653,,,,,,,,,,,,,,,,,,,
Zambia,ZMB,"Adult literacy rate, population 15+ years, male (%)",SE.ADT.LITR.MA.ZS,Sub-Saharan Africa,SSF,,,,,,,,,,,,,,,,,,,,,73.03733826,,,,,,,,,76.25402,,,80.91286,,,,,71.94744,,,88.68403,,,,,,,,,,,,,,,,,,,,,,,,
Zimbabwe,ZWE,"Adult literacy rate, population 15+ years, male (%)",SE.ADT.LITR.MA.ZS,Sub-Saharan Africa,SSF,,,,,,,,,,,,,84.17462921,,,,,,,,,,88.89337921,,,,,,,,,,,,,,,,,,,87.76481,,,89.18537,,,,,,,,,,,,,,,,,,,,
