"﻿""Country Name""",Country Code,Indicator Name,Indicator Code,1970,1971,1972,1973,1974,1975,1976,1977,1978,1979,1980,1981,1982,1983,1984,1985,1986,1987,1988,1989,1990,1991,1992,1993,1994,1995,1996,1997,1998,1999,2000,2001,2002,2003,2004,2005,2006,2007,2008,2009,2010,2011,2012,2013,2014,2015,2016,2017,2020,2025,2030,2035,2040,2045,2050,2055,2060,2065,2070,2075,2080,2085,2090,2095,2100,
Arab World,ARB,"Adult literacy rate, population 15+ years, gender parity index (GPI)",UIS.LR.AG15T99.GPI,,,,,,,,,,,,,,,,0.610000014305115,0.610000014305115,0.610000014305115,0.610000014305115,0.610000014305115,0.610000014305115,0.610000014305115,0.610000014305115,0.610000014305115,0.610000014305115,0.720000028610229,0.720000028610229,0.720000028610229,0.720000028610229,0.720000028610229,0.720000028610229,0.720000028610229,0.720000028610229,0.720000028610229,0.720000028610229,0.819999992847443,0.819999992847443,0.819999992847443,0.819999992847443,0.819999992847443,0.819999992847443,0.819999992847443,0.819999992847443,0.819999992847443,0.819999992847443,,,,,,,,,,,,,,,,,,,,,
East Asia & Pacific,EAS,"Adult literacy rate, population 15+ years, gender parity index (GPI)",UIS.LR.AG15T99.GPI,,,,,,,,,,,,,,,,0.839999973773956,0.839999973773956,0.839999973773956,0.839999973773956,0.839999973773956,0.839999973773956,0.839999973773956,0.839999973773956,0.839999973773956,0.839999973773956,0.930000007152557,0.930000007152557,0.930000007152557,0.930000007152557,0.930000007152557,0.930000007152557,0.930000007152557,0.930000007152557,0.930000007152557,0.930000007152557,0.959999978542328,0.959999978542328,0.959999978542328,0.959999978542328,0.959999978542328,0.959999978542328,0.959999978542328,0.959999978542328,0.959999978542328,0.959999978542328,,,,,,,,,,,,,,,,,,,,,
East Asia & Pacific (excluding high income),EAP,"Adult literacy rate, population 15+ years, gender parity index (GPI)",UIS.LR.AG15T99.GPI,,,,,,,,,,,,,,,,0.810000002384186,0.810000002384186,0.810000002384186,0.810000002384186,0.810000002384186,0.810000002384186,0.810000002384186,0.810000002384186,0.810000002384186,0.810000002384186,0.920000016689301,0.920000016689301,0.920000016689301,0.920000016689301,0.920000016689301,0.920000016689301,0.920000016689301,0.920000016689301,0.920000016689301,0.920000016689301,0.959999978542328,0.959999978542328,0.959999978542328,0.959999978542328,0.959999978542328,0.959999978542328,0.959999978542328,0.959999978542328,0.959999978542328,0.959999978542328,,,,,,,,,,,,,,,,,,,,,
Euro area,EMU,"Adult literacy rate, population 15+ years, gender parity index (GPI)",UIS.LR.AG15T99.GPI,,,,,,,,,,,,,,,,,,,,,,,,,,,,,,,,,,,,,,,,,,,,,,,,,,,,,,,,,,,,,,,,,,
Europe & Central Asia,ECS,"Adult literacy rate, population 15+ years, gender parity index (GPI)",UIS.LR.AG15T99.GPI,,,,,,,,,,,,,,,,0.970000028610229,0.970000028610229,0.970000028610229,0.970000028610229,0.970000028610229,0.970000028610229,0.970000028610229,0.970000028610229,0.970000028610229,0.970000028610229,0.980000019073486,0.980000019073486,0.980000019073486,0.980000019073486,0.980000019073486,0.980000019073486,0.980000019073486,0.980000019073486,0.980000019073486,0.980000019073486,0.990000009536743,0.990000009536743,0.990000009536743,0.990000009536743,0.990000009536743,0.990000009536743,0.990000009536743,0.990000009536743,0.990000009536743,0.990000009536743,,,,,,,,,,,,,,,,,,,,,
Europe & Central Asia (excluding high income),ECA,"Adult literacy rate, population 15+ years, gender parity index (GPI)",UIS.LR.AG15T99.GPI,,,,,,,,,,,,,,,,0.949999988079071,0.949999988079071,0.949999988079071,0.949999988079071,0.949999988079071,0.949999988079071,0.949999988079071,0.949999988079071,0.949999988079071,0.949999988079071,0.970000028610229,0.970000028610229,0.970000028610229,0.970000028610229,0.970000028610229,0.970000028610229,0.970000028610229,0.970000028610229,0.970000028610229,0.970000028610229,0.990000009536743,0.990000009536743,0.990000009536743,0.990000009536743,0.990000009536743,0.990000009536743,0.990000009536743,0.990000009536743,0.990000009536743,0.990000009536743,,,,,,,,,,,,,,,,,,,,,
European Union,EUU,"Adult literacy rate, population 15+ years, gender parity index (GPI)",UIS.LR.AG15T99.GPI,,,,,,,,,,,,,,,,,,,,,,,,,,,,,,,,,,,,,,,,,,,,,,,,,,,,,,,,,,,,,,,,,,
Heavily indebted poor countries (HIPC),HPC,"Adult literacy rate, population 15+ years, gender parity index (GPI)",UIS.LR.AG15T99.GPI,,,,,,,,,,,,,,,,0.610000014305115,0.610000014305115,0.610000014305115,0.610000014305115,0.610000014305115,0.610000014305115,0.610000014305115,0.610000014305115,0.610000014305115,0.610000014305115,0.670000016689301,0.670000016689301,0.670000016689301,0.670000016689301,0.670000016689301,0.670000016689301,0.670000016689301,0.670000016689301,0.670000016689301,0.670000016689301,0.740000009536743,0.740000009536743,0.740000009536743,0.740000009536743,0.740000009536743,0.740000009536743,0.740000009536743,0.740000009536743,0.740000009536743,0.740000009536743,,,,,,,,,,,,,,,,,,,,,
High income,HIC,"Adult literacy rate, population 15+ years, gender parity index (GPI)",UIS.LR.AG15T99.GPI,,,,,,,,,,,,,,,,,,,,,,,,,,,,,,,,,,,,,,,,,,,,,,,,,,,,,,,,,,,,,,,,,,
Latin America & Caribbean,LCN,"Adult literacy rate, population 15+ years, gender parity index (GPI)",UIS.LR.AG15T99.GPI,,,,,,,,,,,,,,,,0.980000019073486,0.980000019073486,0.980000019073486,0.980000019073486,0.980000019073486,0.980000019073486,0.980000019073486,0.980000019073486,0.980000019073486,0.980000019073486,0.980000019073486,0.980000019073486,0.980000019073486,0.980000019073486,0.980000019073486,0.980000019073486,0.980000019073486,0.980000019073486,0.980000019073486,0.980000019073486,0.989733815193176,0.989733815193176,0.989733815193176,0.989733815193176,0.989733815193176,0.989733815193176,0.989733815193176,0.989733815193176,0.989733815193176,0.989733815193176,,,,,,,,,,,,,,,,,,,,,
Latin America & Caribbean (excluding high income),LAC,"Adult literacy rate, population 15+ years, gender parity index (GPI)",UIS.LR.AG15T99.GPI,,,,,,,,,,,,,,,,0.980000019073486,0.980000019073486,0.980000019073486,0.980000019073486,0.980000019073486,0.980000019073486,0.980000019073486,0.980000019073486,0.980000019073486,0.980000019073486,0.980000019073486,0.980000019073486,0.980000019073486,0.980000019073486,0.980000019073486,0.980000019073486,0.980000019073486,0.980000019073486,0.980000019073486,0.980000019073486,0.989132761955261,0.989132761955261,0.989132761955261,0.989132761955261,0.989132761955261,0.989132761955261,0.989132761955261,0.989132761955261,0.989132761955261,0.989132761955261,,,,,,,,,,,,,,,,,,,,,
Least developed countries: UN classification,LDC,"Adult literacy rate, population 15+ years, gender parity index (GPI)",UIS.LR.AG15T99.GPI,,,,,,,,,,,,,,,,0.620000004768372,0.620000004768372,0.620000004768372,0.620000004768372,0.620000004768372,0.620000004768372,0.620000004768372,0.620000004768372,0.620000004768372,0.620000004768372,0.699999988079071,0.699999988079071,0.699999988079071,0.699999988079071,0.699999988079071,0.699999988079071,0.699999988079071,0.699999988079071,0.699999988079071,0.699999988079071,0.777219414710999,0.777219414710999,0.777219414710999,0.777219414710999,0.777219414710999,0.777219414710999,0.777219414710999,0.777219414710999,0.777219414710999,0.777219414710999,,,,,,,,,,,,,,,,,,,,,
Low & middle income,LMY,"Adult literacy rate, population 15+ years, gender parity index (GPI)",UIS.LR.AG15T99.GPI,,,,,,,,,,,,,,,,0.790000021457672,0.790000021457672,0.790000021457672,0.790000021457672,0.790000021457672,0.790000021457672,0.790000021457672,0.790000021457672,0.790000021457672,0.790000021457672,0.850000023841858,0.850000023841858,0.850000023841858,0.850000023841858,0.850000023841858,0.850000023841858,0.850000023841858,0.850000023841858,0.850000023841858,0.850000023841858,0.891410052776337,0.891410052776337,0.891410052776337,0.891410052776337,0.891410052776337,0.891410052776337,0.891410052776337,0.891410052776337,0.891410052776337,0.891410052776337,,,,,,,,,,,,,,,,,,,,,
Low income,LIC,"Adult literacy rate, population 15+ years, gender parity index (GPI)",UIS.LR.AG15T99.GPI,,,,,,,,,,,,,,,,0.629999995231628,0.629999995231628,0.629999995231628,0.629999995231628,0.629999995231628,0.629999995231628,0.629999995231628,0.629999995231628,0.629999995231628,0.629999995231628,0.680000007152557,0.680000007152557,0.680000007152557,0.680000007152557,0.680000007152557,0.680000007152557,0.680000007152557,0.680000007152557,0.680000007152557,0.680000007152557,0.732205092906952,0.732205092906952,0.732205092906952,0.732205092906952,0.732205092906952,0.732205092906952,0.732205092906952,0.732205092906952,0.732205092906952,0.732205092906952,,,,,,,,,,,,,,,,,,,,,
Lower middle income,LMC,"Adult literacy rate, population 15+ years, gender parity index (GPI)",UIS.LR.AG15T99.GPI,,,,,,,,,,,,,,,,0.699999988079071,0.699999988079071,0.699999988079071,0.699999988079071,0.699999988079071,0.699999988079071,0.699999988079071,0.699999988079071,0.699999988079071,0.699999988079071,0.759999990463257,0.759999990463257,0.759999990463257,0.759999990463257,0.759999990463257,0.759999990463257,0.759999990463257,0.759999990463257,0.759999990463257,0.759999990463257,0.825986325740814,0.825986325740814,0.825986325740814,0.825986325740814,0.825986325740814,0.825986325740814,0.825986325740814,0.825986325740814,0.825986325740814,0.825986325740814,,,,,,,,,,,,,,,,,,,,,
Middle East & North Africa,MEA,"Adult literacy rate, population 15+ years, gender parity index (GPI)",UIS.LR.AG15T99.GPI,,,,,,,,,,,,,,,,0.660000026226044,0.660000026226044,0.660000026226044,0.660000026226044,0.660000026226044,0.660000026226044,0.660000026226044,0.660000026226044,0.660000026226044,0.660000026226044,0.759999990463257,0.759999990463257,0.759999990463257,0.759999990463257,0.759999990463257,0.759999990463257,0.759999990463257,0.759999990463257,0.759999990463257,0.759999990463257,0.8441122174263,0.8441122174263,0.8441122174263,0.8441122174263,0.8441122174263,0.8441122174263,0.8441122174263,0.8441122174263,0.8441122174263,0.8441122174263,,,,,,,,,,,,,,,,,,,,,
Middle East & North Africa (excluding high income),MNA,"Adult literacy rate, population 15+ years, gender parity index (GPI)",UIS.LR.AG15T99.GPI,,,,,,,,,,,,,,,,0.639999985694885,0.639999985694885,0.639999985694885,0.639999985694885,0.639999985694885,0.639999985694885,0.639999985694885,0.639999985694885,0.639999985694885,0.639999985694885,0.740000009536743,0.740000009536743,0.740000009536743,0.740000009536743,0.740000009536743,0.740000009536743,0.740000009536743,0.740000009536743,0.740000009536743,0.740000009536743,0.83199554681778,0.83199554681778,0.83199554681778,0.83199554681778,0.83199554681778,0.83199554681778,0.83199554681778,0.83199554681778,0.83199554681778,0.83199554681778,,,,,,,,,,,,,,,,,,,,,
Middle income,MIC,"Adult literacy rate, population 15+ years, gender parity index (GPI)",UIS.LR.AG15T99.GPI,,,,,,,,,,,,,,,,0.800000011920929,0.800000011920929,0.800000011920929,0.800000011920929,0.800000011920929,0.800000011920929,0.800000011920929,0.800000011920929,0.800000011920929,0.800000011920929,0.860000014305115,0.860000014305115,0.860000014305115,0.860000014305115,0.860000014305115,0.860000014305115,0.860000014305115,0.860000014305115,0.860000014305115,0.860000014305115,0.901957392692566,0.901957392692566,0.901957392692566,0.901957392692566,0.901957392692566,0.901957392692566,0.901957392692566,0.901957392692566,0.901957392692566,0.901957392692566,,,,,,,,,,,,,,,,,,,,,
North America,NAC,"Adult literacy rate, population 15+ years, gender parity index (GPI)",UIS.LR.AG15T99.GPI,,,,,,,,,,,,,,,,,,,,,,,,,,,,,,,,,,,,,,,,,,,,,,,,,,,,,,,,,,,,,,,,,,
OECD members,OED,"Adult literacy rate, population 15+ years, gender parity index (GPI)",UIS.LR.AG15T99.GPI,,,,,,,,,,,,,,,,,,,,,,,,,,,,,,,,,,,,,,,,,,,,,,,,,,,,,,,,,,,,,,,,,,
South Asia,SAS,"Adult literacy rate, population 15+ years, gender parity index (GPI)",UIS.LR.AG15T99.GPI,,,,,,,,,,,,,,,,0.550000011920929,0.550000011920929,0.550000011920929,0.550000011920929,0.550000011920929,0.550000011920929,0.550000011920929,0.550000011920929,0.550000011920929,0.550000011920929,0.649999976158142,0.649999976158142,0.649999976158142,0.649999976158142,0.649999976158142,0.649999976158142,0.649999976158142,0.649999976158142,0.649999976158142,0.649999976158142,0.7498379945755,0.7498379945755,0.7498379945755,0.7498379945755,0.7498379945755,0.7498379945755,0.7498379945755,0.7498379945755,0.7498379945755,0.7498379945755,,,,,,,,,,,,,,,,,,,,,
Sub-Saharan Africa,SSF,"Adult literacy rate, population 15+ years, gender parity index (GPI)",UIS.LR.AG15T99.GPI,,,,,,,,,,,,,,,,,,,,,,,,,,0.709999978542328,0.709999978542328,0.709999978542328,0.709999978542328,0.709999978542328,0.709999978542328,0.709999978542328,0.709999978542328,0.709999978542328,0.709999978542328,0.765782117843628,0.765782117843628,0.765782117843628,0.765782117843628,0.765782117843628,0.765782117843628,0.765782117843628,0.765782117843628,0.765782117843628,0.765782117843628,,,,,,,,,,,,,,,,,,,,,
Sub-Saharan Africa (excluding high income),SSA,"Adult literacy rate, population 15+ years, gender parity index (GPI)",UIS.LR.AG15T99.GPI,,,,,,,,,,,,,,,,,,,,,,,,,,0.709999978542328,0.709999978542328,0.709999978542328,0.709999978542328,0.709999978542328,0.709999978542328,0.709999978542328,0.709999978542328,0.709999978542328,0.709999978542328,0.765738129615784,0.765738129615784,0.765738129615784,0.765738129615784,0.765738129615784,0.765738129615784,0.765738129615784,0.765738129615784,0.765738129615784,0.765738129615784,,,,,,,,,,,,,,,,,,,,,
Upper middle income,UMC,"Adult literacy rate, population 15+ years, gender parity index (GPI)",UIS.LR.AG15T99.GPI,,,,,,,,,,,,,,,,0.850000023841858,0.850000023841858,0.850000023841858,0.850000023841858,0.850000023841858,0.850000023841858,0.850000023841858,0.850000023841858,0.850000023841858,0.850000023841858,0.930000007152557,0.930000007152557,0.930000007152557,0.930000007152557,0.930000007152557,0.930000007152557,0.930000007152557,0.930000007152557,0.930000007152557,0.930000007152557,0.959954082965851,0.959954082965851,0.959954082965851,0.959954082965851,0.959954082965851,0.959954082965851,0.959954082965851,0.959954082965851,0.959954082965851,0.959954082965851,,,,,,,,,,,,,,,,,,,,,
World,WLD,"Adult literacy rate, population 15+ years, gender parity index (GPI)",UIS.LR.AG15T99.GPI,,,,,,,,,,,,,,,,0.839999973773956,0.839999973773956,0.839999973773956,0.839999973773956,0.839999973773956,0.839999973773956,0.839999973773956,0.839999973773956,0.839999973773956,0.839999973773956,0.889999985694885,0.889999985694885,0.889999985694885,0.889999985694885,0.889999985694885,0.889999985694885,0.889999985694885,0.889999985694885,0.889999985694885,0.889999985694885,0.913432002067566,0.913432002067566,0.913432002067566,0.913432002067566,0.913432002067566,0.913432002067566,0.913432002067566,0.913432002067566,0.913432002067566,0.913432002067566,,,,,,,,,,,,,,,,,,,,,
Afghanistan,AFG,"Adult literacy rate, population 15+ years, gender parity index (GPI)",UIS.LR.AG15T99.GPI,,,,,,,,,,0.164560005068779,,,,,,,,,,,,,,,,,,,,,,,,,,,,,,,,0.38778,,,,,,,,,,,,,,,,,,,,,,,,
Albania,ALB,"Adult literacy rate, population 15+ years, gender parity index (GPI)",UIS.LR.AG15T99.GPI,,,,,,,,,,,,,,,,,,,,,,,,,,,,,,,,0.99057,,,,,,,0.97303,,,0.97636,0.97746,,,,,,,,,,,,,,,,,,,,,,,
Algeria,DZA,"Adult literacy rate, population 15+ years, gender parity index (GPI)",UIS.LR.AG15T99.GPI,,,,,,,,,,,,,,,,,,0.565500020980835,,,,,,,,,,,,,,,0.75865,,,,0.78636,,0.81762,,,,,,,,,,,,,,,,,,,,,,,,,,,
American Samoa,ASM,"Adult literacy rate, population 15+ years, gender parity index (GPI)",UIS.LR.AG15T99.GPI,,,,,,,,,,,0.997430026531219,,,,,,,,,,,,,,,,,,,,,,,,,,,,,,,,,,,,,,,,,,,,,,,,,,,,,,,
Andorra,AND,"Adult literacy rate, population 15+ years, gender parity index (GPI)",UIS.LR.AG15T99.GPI,,,,,,,,,,,,,,,,,,,,,,,,,,,,,,,,,,,,,,,,,,,,,,1,1,,,,,,,,,,,,,,,,,,,
Angola,AGO,"Adult literacy rate, population 15+ years, gender parity index (GPI)",UIS.LR.AG15T99.GPI,,,,,,,,,,,,,,,,,,,,,,,,,,,,,,,,0.65358,,,,,,,,,,,,,0.66781,,,,,,,,,,,,,,,,,,,,,
Antigua and Barbuda,ATG,"Adult literacy rate, population 15+ years, gender parity index (GPI)",UIS.LR.AG15T99.GPI,,,,,,,,,,,,,,,,,,,,,,,,,,,,,,,,1.01037,,,,,,,,,,,,,,,,,,,,,,,,,,,,,,,,,,
Argentina,ARG,"Adult literacy rate, population 15+ years, gender parity index (GPI)",UIS.LR.AG15T99.GPI,,,,,,,,,,,0.992760002613068,,,,,,,,,,,0.998130023479462,,,,,,,,,,1,,,,,,,,,,,,,,1.00092,,,,,,,,,,,,,,,,,,,,
Armenia,ARM,"Adult literacy rate, population 15+ years, gender parity index (GPI)",UIS.LR.AG15T99.GPI,,,,,,,,,,,,,,,,,,,,0.987389981746674,,,,,,,,,,,,0.99487,,,,,,,,,,0.99884,,,,,,,,,,,,,,,,,,,,,,,,
Aruba,ABW,"Adult literacy rate, population 15+ years, gender parity index (GPI)",UIS.LR.AG15T99.GPI,,,,,,,,,,,,,,,,,,,,,,,,,,,,,,,0.99522,,,,,,,,,,0.99772,,,,,,,,,,,,,,,,,,,,,,,,,
Australia,AUS,"Adult literacy rate, population 15+ years, gender parity index (GPI)",UIS.LR.AG15T99.GPI,,,,,,,,,,,,,,,,,,,,,,,,,,,,,,,,,,,,,,,,,,,,,,,,,,,,,,,,,,,,,,,,,,
Austria,AUT,"Adult literacy rate, population 15+ years, gender parity index (GPI)",UIS.LR.AG15T99.GPI,,,,,,,,,,,,,,,,,,,,,,,,,,,,,,,,,,,,,,,,,,,,,,,,,,,,,,,,,,,,,,,,,,
Azerbaijan,AZE,"Adult literacy rate, population 15+ years, gender parity index (GPI)",UIS.LR.AG15T99.GPI,,,,,,,,,,,,,,,,,,,,,,,,,,,,,,0.98695,,,,,,,,0.99573,,0.99839,0.99838,0.99848,0.9985,0.99851,0.99857,0.99854,0.99855,,,,,,,,,,,,,,,,,,,
"Bahamas, The",BHS,"Adult literacy rate, population 15+ years, gender parity index (GPI)",UIS.LR.AG15T99.GPI,,,,,,,,,,,,,,,,,,,,,,,,,,,,,,,,,,,,,,,,,,,,,,,,,,,,,,,,,,,,,,,,,,
Bahrain,BHR,"Adult literacy rate, population 15+ years, gender parity index (GPI)",UIS.LR.AG15T99.GPI,,,,,,,,,,,,0.76570999622345,,,,,,,,,,0.868920028209686,,,,,,,,,,0.94357,,,,,,,,,0.95291,,,,,,,,,,,,,,,,,,,,,,,,,
Bangladesh,BGD,"Adult literacy rate, population 15+ years, gender parity index (GPI)",UIS.LR.AG15T99.GPI,,,,,,,,,,,,0.452320009469986,,,,,,,,,,0.583079993724823,,,,,,,,,,0.75745,,,,,,0.87776,,,,0.98511,,,,,0.92434,,,,,,,,,,,,,,,,,,,
Barbados,BRB,"Adult literacy rate, population 15+ years, gender parity index (GPI)",UIS.LR.AG15T99.GPI,0.999639987945557,,,,,,,,,,,,,,,,,,,,,,,,,,,,,,,,,,,,,,,,,,,,,,,,,,,,,,,,,,,,,,,,,
Belarus,BLR,"Adult literacy rate, population 15+ years, gender parity index (GPI)",UIS.LR.AG15T99.GPI,,,,,,,,,,,,,,,,,,,,0.972270011901855,,,,,,,,,,0.99627,,,,,,,,,,0.9973,,,,,,,,,,,,,,,,,,,,,,,,,,
Belgium,BEL,"Adult literacy rate, population 15+ years, gender parity index (GPI)",UIS.LR.AG15T99.GPI,,,,,,,,,,,,,,,,,,,,,,,,,,,,,,,,,,,,,,,,,,,,,,,,,,,,,,,,,,,,,,,,,,
Belize,BLZ,"Adult literacy rate, population 15+ years, gender parity index (GPI)",UIS.LR.AG15T99.GPI,,,,,,,,,,,,,,,,,,,,,,1.0008499622345,,,,,,,,,,,,,,,,,,,,,,,,,,,,,,,,,,,,,,,,,,,,
Benin,BEN,"Adult literacy rate, population 15+ years, gender parity index (GPI)",UIS.LR.AG15T99.GPI,,,,,,,,,,0.378679990768433,,,,,,,,,,,,,0.415129989385605,,,,,,,,,,0.48678,,,,0.45408,,,,,,0.49141,,,,,,,,,,,,,,,,,,,,,,,
Bermuda,BMU,"Adult literacy rate, population 15+ years, gender parity index (GPI)",UIS.LR.AG15T99.GPI,,,,,,,,,,,,,,,,,,,,,,,,,,,,,,,,,,,,,,,,,,,,,,,,,,,,,,,,,,,,,,,,,,
Bhutan,BTN,"Adult literacy rate, population 15+ years, gender parity index (GPI)",UIS.LR.AG15T99.GPI,,,,,,,,,,,,,,,,,,,,,,,,,,,,,,,,,,,,0.59465,,,,,,,0.72749,,,,,,,,,,,,,,,,,,,,,,,
Bolivia,BOL,"Adult literacy rate, population 15+ years, gender parity index (GPI)",UIS.LR.AG15T99.GPI,,,,,,,0.67738002538681,,,,,,,,,,,,,,,,0.82029002904892,,,,,,,,,0.86672,,,,,,0.89535,0.91445,0.90624,,0.91179,0.9461,,,0.91774,,,,,,,,,,,,,,,,,,,,
Bosnia and Herzegovina,BIH,"Adult literacy rate, population 15+ years, gender parity index (GPI)",UIS.LR.AG15T99.GPI,,,,,,,,,,,,,,,,,,,,,,0.833310008049011,,,,,,,,,0.95281,,,,,,,,,,,0.9725,,0.95699,,,,,,,,,,,,,,,,,,,,,,
Botswana,BWA,"Adult literacy rate, population 15+ years, gender parity index (GPI)",UIS.LR.AG15T99.GPI,,,,,,,,,,,,,,,,,,,,,,1.09042000770569,,,,,,,,,,,,1.01713,,,,,,,,,,,,,,,,,,,,,,,,,,,,,,,,
Brazil,BRA,"Adult literacy rate, population 15+ years, gender parity index (GPI)",UIS.LR.AG15T99.GPI,,,,,,,,,,,0.953859984874725,,,,,,,,,,,,,,,,,,,,1.00316,,,,1.00449,,1.00562,1.00508,1.00425,1.00262,1.00695,1.00509,1.00658,1.00644,1.00759,,,,,,,,,,,,,,,,,,,,,
British Virgin Islands,VGB,"Adult literacy rate, population 15+ years, gender parity index (GPI)",UIS.LR.AG15T99.GPI,,,,,,,,,,,,,,,,,,,,,,,,,,,,,,,,,,,,,,,,,,,,,,,,,,,,,,,,,,,,,,,,,,
Brunei Darussalam,BRN,"Adult literacy rate, population 15+ years, gender parity index (GPI)",UIS.LR.AG15T99.GPI,,,,,,,,,,,,0.809870004653931,,,,,,,,,,0.891939997673035,,,,,,,,,,0.94757,,,,,,,,,,0.97151,,,,,,,,,,,,,,,,,,,,,,,,
Bulgaria,BGR,"Adult literacy rate, population 15+ years, gender parity index (GPI)",UIS.LR.AG15T99.GPI,,,,,,,,,,,,,,,,,,,,,,,,,,,,,,,,0.98957,,,,,,,,,,0.99227,,,,,,,,,,,,,,,,,,,,,,,,
Burkina Faso,BFA,"Adult literacy rate, population 15+ years, gender parity index (GPI)",UIS.LR.AG15T99.GPI,,,,,,0.219070002436638,,,,,,,,,,,,,,,,0.419110000133514,,,,,0.435149997472763,,,,,,,0.51729,,0.52866,0.54826,0.58831,,,,,,,0.59082,,,,,,,,,,,,,,,,,,,,,
Burundi,BDI,"Adult literacy rate, population 15+ years, gender parity index (GPI)",UIS.LR.AG15T99.GPI,,,,,,,,,,0.349759995937347,,,,,,,,,,,0.570720016956329,,,,,,,,,,0.77611,,,,,,,,0.81232,,,,,,0.78435,,,,,,,,,,,,,,,,,,,,,
Cabo Verde,CPV,"Adult literacy rate, population 15+ years, gender parity index (GPI)",UIS.LR.AG15T99.GPI,,,,,,,,,,,,,,,,,,,,,0.708920001983643,,,,,,,,,,,,,,,,,,,,,,0.88971,,,0.89476,,,,,,,,,,,,,,,,,,,,
Cambodia,KHM,"Adult literacy rate, population 15+ years, gender parity index (GPI)",UIS.LR.AG15T99.GPI,,,,,,,,,,,,,,,,,,,,,,,,,,,,,0.717050015926361,,,,,,0.75639,,,,0.83282,0.79673,,,,,,,,,,,,,,,,,,,,,,,,,,
Cameroon,CMR,"Adult literacy rate, population 15+ years, gender parity index (GPI)",UIS.LR.AG15T99.GPI,,,,,,,0.532970011234283,,,,,,,,,,,,,,,,,,,,,,,,0.74149,,,,,,,0.79825,,,0.82729,,,,,,,,,,,,,,,,,,,,,,,,,
Canada,CAN,"Adult literacy rate, population 15+ years, gender parity index (GPI)",UIS.LR.AG15T99.GPI,,,,,,,,,,,,,,,,,,,,,,,,,,,,,,,,,,,,,,,,,,,,,,,,,,,,,,,,,,,,,,,,,,
Cayman Islands,CYM,"Adult literacy rate, population 15+ years, gender parity index (GPI)",UIS.LR.AG15T99.GPI,,,,,,,,,,,,,,,,,,,,,,,,,,,,,,,,,,,,,,1.00303,,,,,,,,,,,,,,,,,,,,,,,,,,,,
Central African Republic,CAF,"Adult literacy rate, population 15+ years, gender parity index (GPI)",UIS.LR.AG15T99.GPI,,,,,,0.283840000629425,,,,,,,,,,,,,0.423509985208511,,,,,,,,,,,,0.52839,,,,,,,,,,0.48026,,,,,,,,,,,,,,,,,,,,,,,,,
Chad,TCD,"Adult literacy rate, population 15+ years, gender parity index (GPI)",UIS.LR.AG15T99.GPI,,,,,,,,,,,,,,,,,,,,,,,,0.251459985971451,,,,,,,0.31343,,,,0.45673,,,,,,,,,,,0.35802,0.44544,,,,,,,,,,,,,,,,,,,
Channel Islands,CHI,"Adult literacy rate, population 15+ years, gender parity index (GPI)",UIS.LR.AG15T99.GPI,,,,,,,,,,,,,,,,,,,,,,,,,,,,,,,,,,,,,,,,,,,,,,,,,,,,,,,,,,,,,,,,,,
Chile,CHL,"Adult literacy rate, population 15+ years, gender parity index (GPI)",UIS.LR.AG15T99.GPI,,,,,,,,,,,,,0.992560029029846,,,,,,,,,,0.994430005550385,,,,,,,,,,0.99838,,,,,,1.00095,0.99882,,0.9962,,0.99765,,,,,,,,,,,,,,,,,,,,,,
China,CHN,"Adult literacy rate, population 15+ years, gender parity index (GPI)",UIS.LR.AG15T99.GPI,,,,,,,,,,,,,0.645730018615723,,,,,,,,0.782209992408752,,,,,,,,,,0.90951,,,,,,,,,,0.95108,,,,,,,,,,,,,,,,,,,,,,,,,
Colombia,COL,"Adult literacy rate, population 15+ years, gender parity index (GPI)",UIS.LR.AG15T99.GPI,,,,,,,,,,,,,,,,,,,,,,,,1.00192999839783,,,1.00247001647949,,,,,,,,0.99796,1.00144,0.99814,1.0045,1.00127,1.00379,1.00254,1.00191,,,1.00658,1.00375,,,,,,,,,,,,,,,,,,,,
Comoros,COM,"Adult literacy rate, population 15+ years, gender parity index (GPI)",UIS.LR.AG15T99.GPI,,,,,,,,,,,0.720250010490417,,,,,,,,,,,,,,,,,,,,0.85164,,,,,,,,,,,,0.75491,,,,,,,,,,,,,,,,,,,,,,,
"Congo, Dem. Rep.",COD,"Adult literacy rate, population 15+ years, gender parity index (GPI)",UIS.LR.AG15T99.GPI,,,,,,,,,,,,,,,,,,,,,,,,,,,,,,,,0.66805,,,,,,0.59941,,,,,0.71573,,,,0.7512,,,,,,,,,,,,,,,,,,,
"Congo, Rep.",COG,"Adult literacy rate, population 15+ years, gender parity index (GPI)",UIS.LR.AG15T99.GPI,,,,,,,,,,,,,,,,,,,,,,,,,,,,,,,,,,,,,,,,,,0.84315,,,,,,,,,,,,,,,,,,,,,,,,
Costa Rica,CRI,"Adult literacy rate, population 15+ years, gender parity index (GPI)",UIS.LR.AG15T99.GPI,,,,,,,,,,,,,,,0.998870015144348,,,,,,,,,,,,,,,,1.00455,,,,,,,,,,,1.00199,,,,,,,,,,,,,,,,,,,,,,,,
Cote d'Ivoire,CIV,"Adult literacy rate, population 15+ years, gender parity index (GPI)",UIS.LR.AG15T99.GPI,,,,,,,,,,,,,,,,,,,0.528219997882843,,,,,,,,,,0.647989988327026,,0.63447,,,,,,,,,,,,0.59043,,0.7255,,,,,,,,,,,,,,,,,,,,,
Croatia,HRV,"Adult literacy rate, population 15+ years, gender parity index (GPI)",UIS.LR.AG15T99.GPI,,,,,,,,,,,,,,,,,,,,,,0.960110008716583,,,,,,,,,,0.97748,,,,,,,,,,0.99033,,,,,,,,,,,,,,,,,,,,,,,,
Cuba,CUB,"Adult literacy rate, population 15+ years, gender parity index (GPI)",UIS.LR.AG15T99.GPI,,,,,,,,,,,,,,,,,,,,,,,,,,,,,,,,,0.99984,,,,,,,,,,1.00094,,,,,,,,,,,,,,,,,,,,,,,
Curacao,CUW,"Adult literacy rate, population 15+ years, gender parity index (GPI)",UIS.LR.AG15T99.GPI,,,,,,,,,,,,,,,,,,,,,,,,,,,,,,,,,,,,,,,,,,,,,,,,,,,,,,,,,,,,,,,,,,
Cyprus,CYP,"Adult literacy rate, population 15+ years, gender parity index (GPI)",UIS.LR.AG15T99.GPI,,,,,,,,,,,,,,,,,,,,,,,0.930199980735779,,,,,,,,,0.96399,,,,,,,,,,0.98822,,,,,,,,,,,,,,,,,,,,,,,,
Czech Republic,CZE,"Adult literacy rate, population 15+ years, gender parity index (GPI)",UIS.LR.AG15T99.GPI,,,,,,,,,,,,,,,,,,,,,,,,,,,,,,,,,,,,,,,,,,,,,,,,,,,,,,,,,,,,,,,,,,
Denmark,DNK,"Adult literacy rate, population 15+ years, gender parity index (GPI)",UIS.LR.AG15T99.GPI,,,,,,,,,,,,,,,,,,,,,,,,,,,,,,,,,,,,,,,,,,,,,,,,,,,,,,,,,,,,,,,,,,
Djibouti,DJI,"Adult literacy rate, population 15+ years, gender parity index (GPI)",UIS.LR.AG15T99.GPI,,,,,,,,,,,,,,,,,,,,,,,,,,,,,,,,,,,,,,,,,,,,,,,,,,,,,,,,,,,,,,,,,,
Dominica,DMA,"Adult literacy rate, population 15+ years, gender parity index (GPI)",UIS.LR.AG15T99.GPI,,,,,,,,,,,,,,,,,,,,,,,,,,,,,,,,,,,,,,,,,,,,,,,,,,,,,,,,,,,,,,,,,,
Dominican Republic,DOM,"Adult literacy rate, population 15+ years, gender parity index (GPI)",UIS.LR.AG15T99.GPI,,,,,,,,,,,,0.985679984092712,,,,,,,,,,,,,,,,,,,,,1.00422,,,,,1.00076,,,1.00358,1.00267,1.00155,1.00876,1.00849,1.00731,,,,,,,,,,,,,,,,,,,,
Ecuador,ECU,"Adult literacy rate, population 15+ years, gender parity index (GPI)",UIS.LR.AG15T99.GPI,,,,,,,,,,,,,0.92646998167038,,,,,,,,0.952449977397919,,,,,,,,,,,0.97151,,,,,,0.93607,,0.93495,0.96949,0.96957,0.97531,0.97662,0.97897,0.9742,0.97768,,,,,,,,,,,,,,,,,,,
"Egypt, Arab Rep.",EGY,"Adult literacy rate, population 15+ years, gender parity index (GPI)",UIS.LR.AG15T99.GPI,,,,,,,0.418500006198883,,,,,,,,,,0.551180005073547,,,,,,,,,,0.649209976196289,,,,,,,,,0.37098,0.77473,,,,0.79129,,0.80506,0.81299,,,,,,,,,,,,,,,,,,,,,,
El Salvador,SLV,"Adult literacy rate, population 15+ years, gender parity index (GPI)",UIS.LR.AG15T99.GPI,,,,,,,,,,,,,,,,,,,,,,,0.92127001285553,,,,,,,,,,,,,,0.93435,0.9387,0.93458,0.94233,0.94499,0.93918,,0.94885,,0.95786,,,,,,,,,,,,,,,,,,,,
Equatorial Guinea,GNQ,"Adult literacy rate, population 15+ years, gender parity index (GPI)",UIS.LR.AG15T99.GPI,,,,,,,,,,,,,,,,,,,,,,,,,,,,,,,0.86062,,,,,,,,,,,,,,,,,,,,,,,,,,,,,,,,,,,
Eritrea,ERI,"Adult literacy rate, population 15+ years, gender parity index (GPI)",UIS.LR.AG15T99.GPI,,,,,,,,,,,,,,,,,,,,,,,,,,,,,,,,,0.61515,,,,,,0.72998,,,,,,,,,,,,,,,,,,,,,,,,,,,
Estonia,EST,"Adult literacy rate, population 15+ years, gender parity index (GPI)",UIS.LR.AG15T99.GPI,,,,,,,,,,,,,,,,,,,,0.997250020503998,,,,,,,,,,,0.99984,,,,,,,,,,,1.00051,,,,,,,,,,,,,,,,,,,,,,,,
Ethiopia,ETH,"Adult literacy rate, population 15+ years, gender parity index (GPI)",UIS.LR.AG15T99.GPI,,,,,,,,,,,,,,,,,,,,,,,,,0.514549970626831,,,,,,,,,,0.456,0.42868,,0.58862,,,,,,,,,,,,,,,,,,,,,,,,,,,,
Faroe Islands,FRO,"Adult literacy rate, population 15+ years, gender parity index (GPI)",UIS.LR.AG15T99.GPI,,,,,,,,,,,,,,,,,,,,,,,,,,,,,,,,,,,,,,,,,,,,,,,,,,,,,,,,,,,,,,,,,,
Fiji,FJI,"Adult literacy rate, population 15+ years, gender parity index (GPI)",UIS.LR.AG15T99.GPI,,,,,,,,,,,,,,,,,,,,,,,,,,,,,,,,,,,,,,,,,,,,,,,,,,,,,,,,,,,,,,,,,,
Finland,FIN,"Adult literacy rate, population 15+ years, gender parity index (GPI)",UIS.LR.AG15T99.GPI,,,,,,,,,,,,,,,,,,,,,,,,,,,,,,,,,,,,,,,,,,,,,,,,,,,,,,,,,,,,,,,,,,
France,FRA,"Adult literacy rate, population 15+ years, gender parity index (GPI)",UIS.LR.AG15T99.GPI,,,,,,,,,,,,,,,,,,,,,,,,,,,,,,,,,,,,,,,,,,,,,,,,,,,,,,,,,,,,,,,,,,
French Polynesia,PYF,"Adult literacy rate, population 15+ years, gender parity index (GPI)",UIS.LR.AG15T99.GPI,,,,,,,,,,,,,,,,,,,,,,,,,,,,,,,,,,,,,,,,,,,,,,,,,,,,,,,,,,,,,,,,,,
Gabon,GAB,"Adult literacy rate, population 15+ years, gender parity index (GPI)",UIS.LR.AG15T99.GPI,,,,,,,,,,,,,,,,,,,,,,,,0.822290003299713,,,,,,,,,,,,,,,,,,,0.94116,,,,,,,,,,,,,,,,,,,,,,,
"Gambia, The",GMB,"Adult literacy rate, population 15+ years, gender parity index (GPI)",UIS.LR.AG15T99.GPI,,,,,,,,,,,,,,,,,,,,,,,,,,,,,,,0.51166,,,,,,,,,,,,,0.65299,,,,,,,,,,,,,,,,,,,,,,
Georgia,GEO,"Adult literacy rate, population 15+ years, gender parity index (GPI)",UIS.LR.AG15T99.GPI,,,,,,,,,,,,,,,,,,,,,,,,,,,,,,,,,0.99783,,,,,,,,,,,,0.99846,,,,,,,,,,,,,,,,,,,,,
Germany,DEU,"Adult literacy rate, population 15+ years, gender parity index (GPI)",UIS.LR.AG15T99.GPI,,,,,,,,,,,,,,,,,,,,,,,,,,,,,,,,,,,,,,,,,,,,,,,,,,,,,,,,,,,,,,,,,,
Ghana,GHA,"Adult literacy rate, population 15+ years, gender parity index (GPI)",UIS.LR.AG15T99.GPI,,,,,,,,,,,,,,,,,,,,,,,,,,,,,,,0.75043,,,,,,,,,,0.83338,,,,,,,,,,,,,,,,,,,,,,,,,
Gibraltar,GIB,"Adult literacy rate, population 15+ years, gender parity index (GPI)",UIS.LR.AG15T99.GPI,,,,,,,,,,,,,,,,,,,,,,,,,,,,,,,,,,,,,,,,,,,,,,,,,,,,,,,,,,,,,,,,,,
Greece,GRC,"Adult literacy rate, population 15+ years, gender parity index (GPI)",UIS.LR.AG15T99.GPI,,,,,,,,,,,,0.888159990310669,,,,,,,,,,0.930400013923645,,,,,,,,,,0.96348,,,,0.95092,,0.95481,,0.95609,,0.98114,,,,,,,,,,,,,,,,,,,,,,,,
Greenland,GRL,"Adult literacy rate, population 15+ years, gender parity index (GPI)",UIS.LR.AG15T99.GPI,,,,,,,,,,,,,,,,,,,,,,,,,,,,,,,,,,,,,,,,,,,,,,1,,,,,,,,,,,,,,,,,,,,
Grenada,GRD,"Adult literacy rate, population 15+ years, gender parity index (GPI)",UIS.LR.AG15T99.GPI,0.99533998966217,,,,,,,,,,,,,,,,,,,,,,,,,,,,,,,,,,,,,,,,,,,,,,,,,,,,,,,,,,,,,,,,,
Guam,GUM,"Adult literacy rate, population 15+ years, gender parity index (GPI)",UIS.LR.AG15T99.GPI,,,,,,,,,,,1.00083005428314,,,,,,,,,,0.998910009860992,,,,,,,,,,,,,,,,,,,,,,,,,,,,,,,,,,,,,,,,,,,,,
Guatemala,GTM,"Adult literacy rate, population 15+ years, gender parity index (GPI)",UIS.LR.AG15T99.GPI,,,,,,,,,,,,,,,,,,,,,,,,,0.79899001121521,,,,,,,,0.8399,,,,,,,,,,0.85361,0.87194,0.88029,,,,,,,,,,,,,,,,,,,,,
Guinea,GIN,"Adult literacy rate, population 15+ years, gender parity index (GPI)",UIS.LR.AG15T99.GPI,,,,,,,,,,,,,,,,,,,,,,,,,,,0.296180009841919,,,,,,,0.42511,,,,,,,0.33139,,,,0.50326,,,,,,,,,,,,,,,,,,,,,
Guinea-Bissau,GNB,"Adult literacy rate, population 15+ years, gender parity index (GPI)",UIS.LR.AG15T99.GPI,,,,,,,,,,0.257530003786087,,,,,,,,,,,,,,,,,,,,,0.47722,,,,,,,,,,,,,,0.49501,,,,,,,,,,,,,,,,,,,,,
Guyana,GUY,"Adult literacy rate, population 15+ years, gender parity index (GPI)",UIS.LR.AG15T99.GPI,,,,,,,,,,,,,,,,,,,,,,,,,,,,,,,,,,,,,,,,1.05841,,,,,0.98517,,,,,,,,,,,,,,,,,,,,,
Haiti,HTI,"Adult literacy rate, population 15+ years, gender parity index (GPI)",UIS.LR.AG15T99.GPI,,,,,,,,,,,,,0.875980019569397,,,,,,,,,,,,,,,,,,,,,0.86957,,,0.8359,,,,,,,,,,,,,,,,,,,,,,,,,,,,,
Honduras,HND,"Adult literacy rate, population 15+ years, gender parity index (GPI)",UIS.LR.AG15T99.GPI,,,,,,,,,,,,,,,,,,,,,,,,,,,,,,,,1.00549,,,,,,0.9965,,,0.99925,0.99518,0.99248,0.99552,0.99577,0.99968,0.99872,,,,,,,,,,,,,,,,,,,
"Hong Kong SAR, China",HKG,"Adult literacy rate, population 15+ years, gender parity index (GPI)",UIS.LR.AG15T99.GPI,,,,,,,,,,,,,,,,,,,,,,,,,,,,,,,,,,,,,,,,,,,,,,,,,,,,,,,,,,,,,,,,,,
Hungary,HUN,"Adult literacy rate, population 15+ years, gender parity index (GPI)",UIS.LR.AG15T99.GPI,,,,,,,,,,,0.991450011730194,,,,,,,,,,,,,,0.994229972362518,,,,,,,,,,,,,,,,,,,,,,,,,,,,,,,,,,,,,,,,,
Iceland,ISL,"Adult literacy rate, population 15+ years, gender parity index (GPI)",UIS.LR.AG15T99.GPI,,,,,,,,,,,,,,,,,,,,,,,,,,,,,,,,,,,,,,,,,,,,,,,,,,,,,,,,,,,,,,,,,,
India,IND,"Adult literacy rate, population 15+ years, gender parity index (GPI)",UIS.LR.AG15T99.GPI,,,,,,,,,,,,0.468190014362335,,,,,,,,,,0.547179996967316,,,,,,,,,,0.65169,,,,,0.67592,,,,,0.75151,,,,,,,,,,,,,,,,,,,,,,,,
Indonesia,IDN,"Adult literacy rate, population 15+ years, gender parity index (GPI)",UIS.LR.AG15T99.GPI,,,,,,,,,,,0.744690001010895,,,,,,,,,,0.855099976062775,,,,,,,,,,,,,,0.92306,,0.93304,,0.93414,0.93758,,0.94223,,,0.96549,0.96117,0.96308,,,,,,,,,,,,,,,,,,,
"Iran, Islamic Rep.",IRN,"Adult literacy rate, population 15+ years, gender parity index (GPI)",UIS.LR.AG15T99.GPI,,,,,,,0.506879985332489,,,,,,,,,,0.650300025939941,,,,,0.756070017814636,,,,,0.827170014381409,,,,,,0.84311,,,0.87265,0.88505,,0.88112,,,,0.88227,0.8907,0.89071,,,,,,,,,,,,,,,,,,,,,
Iraq,IRQ,"Adult literacy rate, population 15+ years, gender parity index (GPI)",UIS.LR.AG15T99.GPI,,,,,,,,,,,,,,,,,,,,,,,,,,,,,,,0.76313,,,,,,,,,,,,,0.71604,,,,,,,,,,,,,,,,,,,,,,
Ireland,IRL,"Adult literacy rate, population 15+ years, gender parity index (GPI)",UIS.LR.AG15T99.GPI,,,,,,,,,,,,,,,,,,,,,,,,,,,,,,,,,,,,,,,,,,,,,,,,,,,,,,,,,,,,,,,,,,
Isle of Man,IMN,"Adult literacy rate, population 15+ years, gender parity index (GPI)",UIS.LR.AG15T99.GPI,,,,,,,,,,,,,,,,,,,,,,,,,,,,,,,,,,,,,,,,,,,,,,,,,,,,,,,,,,,,,,,,,,
Israel,ISR,"Adult literacy rate, population 15+ years, gender parity index (GPI)",UIS.LR.AG15T99.GPI,,,,,,,,,,,,,,0.933780014514923,,,,,,,,,,,,,,,,,,,,,,,,,,,,,,,,,,,,,,,,,,,,,,,,,,,,
Italy,ITA,"Adult literacy rate, population 15+ years, gender parity index (GPI)",UIS.LR.AG15T99.GPI,,,,,,,,,,,,0.980220019817352,,,,,,,,,,,,,,,,,,,,0.99209,,,,,,,,,,0.99434,,,,,,,,,,,,,,,,,,,,,,,,
Jamaica,JAM,"Adult literacy rate, population 15+ years, gender parity index (GPI)",UIS.LR.AG15T99.GPI,,,,,,,,,,,,,,,,,,,,,,,,,,,,,,1.15915,,,,,,,,,,,,,,,,,,,,,,,,,,,,,,,,,,,,
Japan,JPN,"Adult literacy rate, population 15+ years, gender parity index (GPI)",UIS.LR.AG15T99.GPI,,,,,,,,,,,,,,,,,,,,,,,,,,,,,,,,,,,,,,,,,,,,,,,,,,,,,,,,,,,,,,,,,,
Jordan,JOR,"Adult literacy rate, population 15+ years, gender parity index (GPI)",UIS.LR.AG15T99.GPI,,,,,,,,,,0.647480010986328,,,,,,,,,,,,,,,,,,,,,,,,0.89093,,0.91415,,0.93098,,,0.93151,0.96097,0.9891,,,,,,,,,,,,,,,,,,,,,,,
Kazakhstan,KAZ,"Adult literacy rate, population 15+ years, gender parity index (GPI)",UIS.LR.AG15T99.GPI,,,,,,,,,,,,,,,,,,,,0.970390021800995,,,,,,,,,,0.99525,,,,,,,,,,0.99898,0.99909,,,,,,,,,,,,,,,,,,,,,,,,,
Kenya,KEN,"Adult literacy rate, population 15+ years, gender parity index (GPI)",UIS.LR.AG15T99.GPI,,,,,,,,,,,,,,,,,,,,,,,,,,,,,,,0.89026,,,,,,,0.85635,,,,,,,0.88336,,,,,,,,,,,,,,,,,,,,,
Kiribati,KIR,"Adult literacy rate, population 15+ years, gender parity index (GPI)",UIS.LR.AG15T99.GPI,,,,,,,,,,,,,,,,,,,,,,,,,,,,,,,,,,,,,,,,,,,,,,,,,,,,,,,,,,,,,,,,,,
"Korea, Dem. People’s Rep.",PRK,"Adult literacy rate, population 15+ years, gender parity index (GPI)",UIS.LR.AG15T99.GPI,,,,,,,,,,,,,,,,,,,,,,,,,,,,,,,,,,,,,,,0.99999,,,,,,,,,,,,,,,,,,,,,,,,,,,
"Korea, Rep.",KOR,"Adult literacy rate, population 15+ years, gender parity index (GPI)",UIS.LR.AG15T99.GPI,,,,,,,,,,,,,,,,,,,,,,,,,,,,,,,,,,,,,,,,,,,,,,,,,,,,,,,,,,,,,,,,,,
Kosovo,XKX,"Adult literacy rate, population 15+ years, gender parity index (GPI)",UIS.LR.AG15T99.GPI,,,,,,,,,,,,,,,,,,,,,,,,,,,,,,,,,,,,,,,,,,,,,,,,,,,,,,,,,,,,,,,,,,
Kuwait,KWT,"Adult literacy rate, population 15+ years, gender parity index (GPI)",UIS.LR.AG15T99.GPI,,,,,,0.705810010433197,,,,,0.812099993228912,,,,,0.880460023880005,,,,,,,,,,0.914049983024597,,,,,,,,,,0.96396,0.96089,0.96528,0.96593,,0.97002,,0.99088,0.97869,,0.98006,,,,,,,,,,,,,,,,,,,,
Kyrgyz Republic,KGZ,"Adult literacy rate, population 15+ years, gender parity index (GPI)",UIS.LR.AG15T99.GPI,,,,,,,,,,,,,,,,,,,,,,,,,,,,,,0.98816,,,,,,,,,,0.9946,,,,,,,,,,,,,,,,,,,,,,,,,,
Lao PDR,LAO,"Adult literacy rate, population 15+ years, gender parity index (GPI)",UIS.LR.AG15T99.GPI,,,,,,,,,,,,,,,,,,,,,,,,,,0.651849985122681,,,,,0.71854,0.79088,,,,0.76684,,,,,,0.73818,,,,,,,,,,,,,,,,,,,,,,,,
Latvia,LVA,"Adult literacy rate, population 15+ years, gender parity index (GPI)",UIS.LR.AG15T99.GPI,,,,,,,,,,,,,,,,,,,,0.994470000267029,,,,,,,,,,,0.99916,,,,,,,,,,,1.00027,,,,,,,,,,,,,,,,,,,,,,,,
Lebanon,LBN,"Adult literacy rate, population 15+ years, gender parity index (GPI)",UIS.LR.AG15T99.GPI,,,,,,,,,,,,,,,,,,,,,,,,,,,,,,,,,,,,,,0.92063,,0.93439,,,,,,,,,,,,,,,,,,,,,,,,,,
Lesotho,LSO,"Adult literacy rate, population 15+ years, gender parity index (GPI)",UIS.LR.AG15T99.GPI,,,,,,,,,,,,,,,,,,,,,,,,,,,,,,,1.15064,,,,,,,,,1.29672,,,,,1.2537,,,,,,,,,,,,,,,,,,,,,
Liberia,LBR,"Adult literacy rate, population 15+ years, gender parity index (GPI)",UIS.LR.AG15T99.GPI,,,,,,,,,,,,,,,0.430099993944168,,,,,,,,,,0.575070023536682,,,,,,,,,,,,,0.44484,,,,,,,,,,,,,,,,,,,,,,,,,,,,
Libya,LBY,"Adult literacy rate, population 15+ years, gender parity index (GPI)",UIS.LR.AG15T99.GPI,,,,,,,,,,,,,,,0.549579977989197,,,,,,,,,,0.726310014724731,,,,,,,,,,,,,,,,,,,,,,,,,,,,,,,,,,,,,,,,,
Liechtenstein,LIE,"Adult literacy rate, population 15+ years, gender parity index (GPI)",UIS.LR.AG15T99.GPI,,,,,,,,,,,,,,,,,,,,,,,,,,,,,,,,,,,,,,,,,,,,,,,,,,,,,,,,,,,,,,,,,,
Lithuania,LTU,"Adult literacy rate, population 15+ years, gender parity index (GPI)",UIS.LR.AG15T99.GPI,,,,,,,,,,,,,,,,,,,,0.985629975795746,,,,,,,,,,,,1.00005,,,,,,,,,,1.00039,,,,,,,,,,,,,,,,,,,,,,,,
Luxembourg,LUX,"Adult literacy rate, population 15+ years, gender parity index (GPI)",UIS.LR.AG15T99.GPI,,,,,,,,,,,,,,,,,,,,,,,,,,,,,,,,,,,,,,,,,,,,,,,,,,,,,,,,,,,,,,,,,,
"Macao SAR, China",MAC,"Adult literacy rate, population 15+ years, gender parity index (GPI)",UIS.LR.AG15T99.GPI,,,,,,,,,,,,0.928950011730194,,,,,,,,,,,,,,,,,,,,0.92127,,,,,0.94043,,,,,0.95888,,,,,0.96788,,,,,,,,,,,,,,,,,,,
"Macedonia, FYR",MKD,"Adult literacy rate, population 15+ years, gender parity index (GPI)",UIS.LR.AG15T99.GPI,,,,,,,,,,,,,,,,,,,,,,,,,0.935159981250763,,,,,,,,0.95768,,,,,,,,,,,,,,,,,,,,,,,,,,,,,,,,,
Madagascar,MDG,"Adult literacy rate, population 15+ years, gender parity index (GPI)",UIS.LR.AG15T99.GPI,,,,,,,,,,,,,,,,,,,,,,,,,,,,,,,0.85289,,,,,,,,,0.91433,,,0.91009,,,,,,,,,,,,,,,,,,,,,,,
Malawi,MWI,"Adult literacy rate, population 15+ years, gender parity index (GPI)",UIS.LR.AG15T99.GPI,,,,,,,,,,,,,,,,,,0.513530015945435,,,,,,,,,,,0.720669984817505,,,,,,,,,,,,0.71087,,,,0.72561,0.79141,,,,,,,,,,,,,,,,,,,,
Malaysia,MYS,"Adult literacy rate, population 15+ years, gender parity index (GPI)",UIS.LR.AG15T99.GPI,,,,,,,,,,,0.783770024776459,,,,,,,,,,,0.872630000114441,,,,,,,,,0.92807,,,,,,,,,,0.9509,,,,,,,,,,,,,,,,,,,,,,,,,
Maldives,MDV,"Adult literacy rate, population 15+ years, gender parity index (GPI)",UIS.LR.AG15T99.GPI,,,,,,,,0.997250020503998,,,,,,,,1.00266003608704,,,,,1.0025999546051,,,,,1.00240004062653,,,,,,,,,,,1.00065,,,,,,,,1.00174,,,,,,,,,,,,,,,,,,,,,
Mali,MLI,"Adult literacy rate, population 15+ years, gender parity index (GPI)",UIS.LR.AG15T99.GPI,,,,,,,0.424430012702942,,,,,,,,,,,,,,,,,,,,,,0.444900006055832,,,,,0.48624,,,0.52186,,,,0.46746,0.56932,,,,0.49252,,,,,,,,,,,,,,,,,,,,
Malta,MLT,"Adult literacy rate, population 15+ years, gender parity index (GPI)",UIS.LR.AG15T99.GPI,,,,,,,,,,,,,,,,1.01031994819641,,,,,,,,,,1.03253996372223,,,,,,,,,,1.02542,,,,,,1.03265,,,,,,,,,,,,,,,,,,,,,,,,
Marshall Islands,MHL,"Adult literacy rate, population 15+ years, gender parity index (GPI)",UIS.LR.AG15T99.GPI,,,,,,,,,,,,,,,,,,,,,,,,,,,,,,,,,,,,,,,,,,0.99876,,,,,,,,,,,,,,,,,,,,,,,,
Mauritania,MRT,"Adult literacy rate, population 15+ years, gender parity index (GPI)",UIS.LR.AG15T99.GPI,,,,,,,,,,,,,,,,,,,,,,,,,,,,,,,0.72921,,,,,,,0.61578,,,,,,,,,,,,,,,,,,,,,,,,,,,,
Mauritius,MUS,"Adult literacy rate, population 15+ years, gender parity index (GPI)",UIS.LR.AG15T99.GPI,,,,,,,,,,,,,,,,,,,,,0.876860022544861,,,,,,,,,,0.91241,,,,,,,,,,,0.94243,0.94006,0.94698,0.9527,0.95565,,,,,,,,,,,,,,,,,,,,
Mexico,MEX,"Adult literacy rate, population 15+ years, gender parity index (GPI)",UIS.LR.AG15T99.GPI,,,,,,,,,,,0.926349997520447,,,,,,,,,,0.940320014953613,,,,,,,,,,0.95811,,0.96446,,0.96951,0.96802,0.95669,0.96732,0.96682,0.9705,0.97319,0.97421,0.97681,0.97678,0.97878,0.9784,,,,,,,,,,,,,,,,,,,,
"Micronesia, Fed. Sts.",FSM,"Adult literacy rate, population 15+ years, gender parity index (GPI)",UIS.LR.AG15T99.GPI,,,,,,,,,,,,,,,,,,,,,,,,,,,,,,,,,,,,,,,,,,,,,,,,,,,,,,,,,,,,,,,,,,
Moldova,MDA,"Adult literacy rate, population 15+ years, gender parity index (GPI)",UIS.LR.AG15T99.GPI,,,,,,,,,,,,,,,,,,,,0.95771998167038,,,,,,,,,,,0.97463,,,,,,,,,,,,0.99548,,,,,,,,,,,,,,,,,,,,,,,
Monaco,MCO,"Adult literacy rate, population 15+ years, gender parity index (GPI)",UIS.LR.AG15T99.GPI,,,,,,,,,,,,,,,,,,,,,,,,,,,,,,,,,,,,,,,,,,,,,,,,,,,,,,,,,,,,,,,,,,
Mongolia,MNG,"Adult literacy rate, population 15+ years, gender parity index (GPI)",UIS.LR.AG15T99.GPI,,,,,,,,,,,,,,,,,,,,,,,,,,,,,,,0.99502,,,,,,,,,,1.00165,,,,,,,,,,,,,,,,,,,,,,,,,
Montenegro,MNE,"Adult literacy rate, population 15+ years, gender parity index (GPI)",UIS.LR.AG15T99.GPI,,,,,,,,,,,,0.864154756069183,,,,,,,,,,0.91489440202713,,,,,,,,,,,,0.96995,,,,,,,,0.98058,,,,,,,,,,,,,,,,,,,,,,,,
Morocco,MAR,"Adult literacy rate, population 15+ years, gender parity index (GPI)",UIS.LR.AG15T99.GPI,,,,,,,,,,,,,0.400669991970062,,,,,,,,,,,,0.520810008049011,,,,,,,,,,0.60298,,,,0.62294,0.6373,,0.75769,0.73561,,,,,,,,,,,,,,,,,,,,,,,
Mozambique,MOZ,"Adult literacy rate, population 15+ years, gender parity index (GPI)",UIS.LR.AG15T99.GPI,,,,,,,,,,,0.276340007781982,,,,,,,,,,,,,,,,,0.455390006303787,,,,,,0.50618,,,,,,0.5412,,,,,,,,,,,,,,,,,,,,,,,,,,
Myanmar,MMR,"Adult literacy rate, population 15+ years, gender parity index (GPI)",UIS.LR.AG15T99.GPI,,,,,,,,,,,,,,0.834969997406006,,,,,,,,,,,,,,,,,0.92005,,,,,,,,,,,,,,,,0.89796,,,,,,,,,,,,,,,,,,,
Namibia,NAM,"Adult literacy rate, population 15+ years, gender parity index (GPI)",UIS.LR.AG15T99.GPI,,,,,,,,,,,,,,,,,,,,,,0.950890004634857,,,,,,,,,,0.96517,,,,,,1.05412,,,,0.99233,,,,,,,,,,,,,,,,,,,,,,,,
Nauru,NRU,"Adult literacy rate, population 15+ years, gender parity index (GPI)",UIS.LR.AG15T99.GPI,,,,,,,,,,,,,,,,,,,,,,,,,,,,,,,,,,,,,,,,,,,,,,,,,,,,,,,,,,,,,,,,,,
Nepal,NPL,"Adult literacy rate, population 15+ years, gender parity index (GPI)",UIS.LR.AG15T99.GPI,,,,,,,,,,,,0.288989990949631,,,,,,,,,,0.353139996528625,,,,,,,,,,0.55634,,,,,,,,,,0.68106,,,,,,,,,,,,,,,,,,,,,,,,
Netherlands,NLD,"Adult literacy rate, population 15+ years, gender parity index (GPI)",UIS.LR.AG15T99.GPI,,,,,,,,,,,,,,,,,,,,,,,,,,,,,,,,,,,,,,,,,,,,,,,,,,,,,,,,,,,,,,,,,,
New Caledonia,NCL,"Adult literacy rate, population 15+ years, gender parity index (GPI)",UIS.LR.AG15T99.GPI,,,,,,,0.979610025882721,,,,,,,,,,,,,0.979040026664734,,,,,,,0.986370027065277,,,,,,,,,,,,,,,,,,,,,,,,,,,,,,,,,,,,,,,
New Zealand,NZL,"Adult literacy rate, population 15+ years, gender parity index (GPI)",UIS.LR.AG15T99.GPI,,,,,,,,,,,,,,,,,,,,,,,,,,,,,,,,,,,,,,,,,,,,,,,,,,,,,,,,,,,,,,,,,,
Nicaragua,NIC,"Adult literacy rate, population 15+ years, gender parity index (GPI)",UIS.LR.AG15T99.GPI,,,,,,,,,,,,,,,,,,,,,,,,,,,,,,,,0.99793,,,,0.99769,,,,,,,,,,,,,,,,,,,,,,,,,,,,,,
Niger,NER,"Adult literacy rate, population 15+ years, gender parity index (GPI)",UIS.LR.AG15T99.GPI,,,,,,,,,,,,,,,,,,,,,,,,,,,,,,,,0.47858,,,,0.35139,,,,,,,0.38455,,,,,,,,,,,,,,,,,,,,,,,
Nigeria,NGA,"Adult literacy rate, population 15+ years, gender parity index (GPI)",UIS.LR.AG15T99.GPI,,,,,,,,,,,,,,,,,,,,,,0.646369993686676,,,,,,,,,,,,0.64885,,,,,0.67566,,,,,,,,,,,,,,,,,,,,,,,,,,,
Northern Mariana Islands,MNP,"Adult literacy rate, population 15+ years, gender parity index (GPI)",UIS.LR.AG15T99.GPI,,,,,,,,,,,,,,,,,,,,,,,,,,,,,,,,,,,,,,,,,,,,,,,,,,,,,,,,,,,,,,,,,,
Norway,NOR,"Adult literacy rate, population 15+ years, gender parity index (GPI)",UIS.LR.AG15T99.GPI,,,,,,,,,,,,,,,,,,,,,,,,,,,,,,,,,,,,,,,,,,,,,,,,,,,,,,,,,,,,,,,,,,
Oman,OMN,"Adult literacy rate, population 15+ years, gender parity index (GPI)",UIS.LR.AG15T99.GPI,,,,,,,,,,,,,,,,,,,,,,,,,,,,,,,,,,0.84653,,,,,0.89859,,0.90648,,,,0.93616,0.89035,,,,,,,,,,,,,,,,,,,,
Pakistan,PAK,"Adult literacy rate, population 15+ years, gender parity index (GPI)",UIS.LR.AG15T99.GPI,,,,,,,,,,,,0.417499989271164,,,,,,,,,,,,,,,,,0.525240004062653,,,,,,,0.5521,0.58555,,0.58202,0.58744,0.59529,0.62658,0.61656,0.61162,0.64117,,,,,,,,,,,,,,,,,,,,,
Palau,PLW,"Adult literacy rate, population 15+ years, gender parity index (GPI)",UIS.LR.AG15T99.GPI,,,,,,,,,,,0.970160007476807,,,,,,,,,,,,,,0.980635046958923,,,,,,,,,,,,,,,,,,,1.00061,,0.99512,,,,,,,,,,,,,,,,,,,,
Panama,PAN,"Adult literacy rate, population 15+ years, gender parity index (GPI)",UIS.LR.AG15T99.GPI,,,,,,,,,,,0.999430000782013,,,,,,,,,,0.98743999004364,,,,,,,,,,0.98595,,,,,,,,,,0.9871,,,,,,,,,,,,,,,,,,,,,,,,,
Papua New Guinea,PNG,"Adult literacy rate, population 15+ years, gender parity index (GPI)",UIS.LR.AG15T99.GPI,,,,,,,,,,,,,,,,,,,,,,,,,,,,,,,0.80255,,,,,,,,,,,,,,,,,,,,,,,,,,,,,,,,,,,
Paraguay,PRY,"Adult literacy rate, population 15+ years, gender parity index (GPI)",UIS.LR.AG15T99.GPI,,,,,,,,,,,,,0.935500025749207,,,,,,,,,,0.962589979171753,,,,,,,,,,,,,,,0.9764,0.98266,0.98703,0.98009,,,,0.98104,0.98431,,,,,,,,,,,,,,,,,,,,
Peru,PER,"Adult literacy rate, population 15+ years, gender parity index (GPI)",UIS.LR.AG15T99.GPI,,,,,,,,,,,,0.819339990615845,,,,,,,,,,,,0.879459977149963,,,,,,,,,,,0.87804,0.87981,0.88569,0.89236,,,,,0.93521,,0.93296,0.93966,0.93827,,,,,,,,,,,,,,,,,,,
Philippines,PHL,"Adult literacy rate, population 15+ years, gender parity index (GPI)",UIS.LR.AG15T99.GPI,,,,,,,,,,,0.986559987068176,,,,,,,,,,0.991580009460449,,,,,,,,,,1.00119,,,1.02106,,,,,1.00856,,,,,1.00811,,,,,,,,,,,,,,,,,,,,,,
Poland,POL,"Adult literacy rate, population 15+ years, gender parity index (GPI)",UIS.LR.AG15T99.GPI,,,,,,,,,0.989690005779266,,,,,,,,,,,,,,,,0.994040012359619,,,,,,,,,,,,,,,,,,,,,,,,,,,,,,,,,,,,,,,,,
Portugal,PRT,"Adult literacy rate, population 15+ years, gender parity index (GPI)",UIS.LR.AG15T99.GPI,,,,,,,,,,,,0.879469990730286,,,,,,,,,,0.924350023269653,,,,,,,,,,,,,,,,,,,,0.96443,,,,,,,,,,,,,,,,,,,,,,,,
Puerto Rico,PRI,"Adult literacy rate, population 15+ years, gender parity index (GPI)",UIS.LR.AG15T99.GPI,,,,,,,,,,,0.978370010852814,,,,,,,,,,1.00255000591278,,,,,,,,,,,,,,,,,,,,1.01313,,,,,,,,,,,,,,,,,,,,,,,,,
Qatar,QAT,"Adult literacy rate, population 15+ years, gender parity index (GPI)",UIS.LR.AG15T99.GPI,,,,,,,,,,,,,,,,,0.943530023097992,,,,,,,,,,,0.960169970989227,,,,,,,0.99444,,,0.96407,0.98275,0.97681,0.9885,0.989,0.98817,0.99476,0.99759,,,,,,,,,,,,,,,,,,,,,
Romania,ROU,"Adult literacy rate, population 15+ years, gender parity index (GPI)",UIS.LR.AG15T99.GPI,,,,,,,,,,,,,,,,,,,,,,,0.96398001909256,,,,,,,,,,0.97827,,,,,,,,,0.99163,,,,,,,,,,,,,,,,,,,,,,,,
Russian Federation,RUS,"Adult literacy rate, population 15+ years, gender parity index (GPI)",UIS.LR.AG15T99.GPI,,,,,,,,,,,,,,,,,,,,0.972869992256165,,,,,,,,,,,,,0.99533,,,,,,,,0.99919,,,,,,,,,,,,,,,,,,,,,,,,,
Rwanda,RWA,"Adult literacy rate, population 15+ years, gender parity index (GPI)",UIS.LR.AG15T99.GPI,,,,,,,,,0.522859990596771,,,,,,,,,,,,,0.721599996089935,,,,,,,,,0.83661,,,,,,,,,,0.86529,,0.8926,,,,,,,,,,,,,,,,,,,,,,,
Samoa,WSM,"Adult literacy rate, population 15+ years, gender parity index (GPI)",UIS.LR.AG15T99.GPI,,,,,,,,,,,,,,,,,,,,,,0.98989999294281,,,,,,,,,,,,,,,,,,,,1.0019,,,,,,,,,,,,,,,,,,,,,,,,
San Marino,SMR,"Adult literacy rate, population 15+ years, gender parity index (GPI)",UIS.LR.AG15T99.GPI,,,,,,,,,,,,,,,,,,,,,,,,,,,,,,,,,,,,,,,,,,,,,,,,,,,,,,,,,,,,,,,,,,
Sao Tome and Principe,STP,"Adult literacy rate, population 15+ years, gender parity index (GPI)",UIS.LR.AG15T99.GPI,,,,,,,,,,,,0.579200029373169,,,,,,,,,,0.726339995861053,,,,,,,,,,0.84512,,,,,,,0.74795,,,,0.8998,,,,,,,,,,,,,,,,,,,,,,,
Saudi Arabia,SAU,"Adult literacy rate, population 15+ years, gender parity index (GPI)",UIS.LR.AG15T99.GPI,,,,,,,,,,,,,,,,,,,,,,,0.716250002384186,,,,,,,,0.79589,,,,0.87208,,,,,,,,,0.94652,,,,,,,,,,,,,,,,,,,,,,
Senegal,SEN,"Adult literacy rate, population 15+ years, gender parity index (GPI)",UIS.LR.AG15T99.GPI,,,,,,,,,,,,,,,,,,,0.484059989452362,,,,,,,,,,,,,,0.5729,,,,0.63124,,,0.62557,,0.60935,,0.63625,,,,,,,,,,,,,,,,,,,,,,
Serbia,SRB,"Adult literacy rate, population 15+ years, gender parity index (GPI)",UIS.LR.AG15T99.GPI,,,,,,,,,,,,,,,,,,,,,,,,,,,,,,,,,,,,,,,,,,0.97466,,,,,0.98722,,,,,,,,,,,,,,,,,,,
Seychelles,SYC,"Adult literacy rate, population 15+ years, gender parity index (GPI)",UIS.LR.AG15T99.GPI,,,,,,,,,,,,,,,,,,1.03084003925323,,,,,,,1.01805996894836,,,,,,,,1.00932,,,,,,,,1.01054,,,,,,,,,,,,,,,,,,,,,,,,,
Sierra Leone,SLE,"Adult literacy rate, population 15+ years, gender parity index (GPI)",UIS.LR.AG15T99.GPI,,,,,,,,,,,,,,,,,,,,,,,,,,,,,,,,,,,0.51783,,,,,,,,,0.60139,,,,,,,,,,,,,,,,,,,,,,
Singapore,SGP,"Adult literacy rate, population 15+ years, gender parity index (GPI)",UIS.LR.AG15T99.GPI,,,,,,,,,,,0.807810008525848,,,,,,,,,,0.873109996318817,,,,,,,,,,0.91798,,,,,,,,,,0.95652,0.95605,0.95826,0.96042,0.9625,0.96582,0.96671,,,,,,,,,,,,,,,,,,,
Sint Maarten (Dutch part),SXM,"Adult literacy rate, population 15+ years, gender parity index (GPI)",UIS.LR.AG15T99.GPI,,,,,,,,,,,,,,,,,,,,,,,,,,,,,,,,,,,,,,,,,,,,,,,,,,,,,,,,,,,,,,,,,,
Slovak Republic,SVK,"Adult literacy rate, population 15+ years, gender parity index (GPI)",UIS.LR.AG15T99.GPI,,,,,,,,,,,,,,,,,,,,,,,,,,,,,,,,,,,,,,,,,,,,,,,,,,,,,,,,,,,,,,,,,,
Slovenia,SVN,"Adult literacy rate, population 15+ years, gender parity index (GPI)",UIS.LR.AG15T99.GPI,,,,,,,,,,,,,,,,,,,,,,0.998510003089905,,,,,,,,,,,,,,,,,,,,,,,,,,,,,,,,,,,,,,,,,,,,
Solomon Islands,SLB,"Adult literacy rate, population 15+ years, gender parity index (GPI)",UIS.LR.AG15T99.GPI,,,,,,,,,,,,,,,,,,,,,,,,,,,,,,0.82437,,,,,,,,,,,,,,,,,,,,,,,,,,,,,,,,,,,,
Somalia,SOM,"Adult literacy rate, population 15+ years, gender parity index (GPI)",UIS.LR.AG15T99.GPI,,,,,,,,,,,,,,,,,,,,,,,,,,,,,,,,,,,,,,,,,,,,,,,,,,,,,,,,,,,,,,,,,,
South Africa,ZAF,"Adult literacy rate, population 15+ years, gender parity index (GPI)",UIS.LR.AG15T99.GPI,,,,,,,,,,,0.964940011501312,,,,,,,,,,,,,,,,0.96262001991272,,,,,,,,,,,0.9595,,0.975,0.97419,0.97669,0.97496,,0.97677,0.97916,,,,,,,,,,,,,,,,,,,,
South Sudan,SSD,"Adult literacy rate, population 15+ years, gender parity index (GPI)",UIS.LR.AG15T99.GPI,,,,,,,,,,,,,,,,,,,,,,,,,,,,,,,,,,,,,,,0.55075,,,,,,,,,,,,,,,,,,,,,,,,,,,
Spain,ESP,"Adult literacy rate, population 15+ years, gender parity index (GPI)",UIS.LR.AG15T99.GPI,,,,,,,,,,,,0.937839984893799,,,,,,,,,,0.969560027122498,,,,,,,,,,,,,0.98051,0.98284,,0.98608,0.9846,0.9844,0.98456,0.98508,0.98592,0.98675,0.9874,0.98761,0.98846,,,,,,,,,,,,,,,,,,,
Sri Lanka,LKA,"Adult literacy rate, population 15+ years, gender parity index (GPI)",UIS.LR.AG15T99.GPI,,,,,,,,,,,,0.897899985313416,,,,,,,,,,,,,,,,,,,,0.96603,,,,,0.96093,,0.96563,,0.9717,,,,,,,,,,,,,,,,,,,,,,,,,
St. Kitts and Nevis,KNA,"Adult literacy rate, population 15+ years, gender parity index (GPI)",UIS.LR.AG15T99.GPI,,,,,,,,,,,,,,,,,,,,,,,,,,,,,,,,,,,,,,,,,,,,,,,,,,,,,,,,,,,,,,,,,,
St. Lucia,LCA,"Adult literacy rate, population 15+ years, gender parity index (GPI)",UIS.LR.AG15T99.GPI,,,,,,,,,,,,,,,,,,,,,,,,,,,,,,,,,,,,,,,,,,,,,,,,,,,,,,,,,,,,,,,,,,
St. Martin (French part),MAF,"Adult literacy rate, population 15+ years, gender parity index (GPI)",UIS.LR.AG15T99.GPI,,,,,,,,,,,,,,,,,,,,,,,,,,,,,,,,,,,,,,,,,,,,,,,,,,,,,,,,,,,,,,,,,,
St. Vincent and the Grenadines,VCT,"Adult literacy rate, population 15+ years, gender parity index (GPI)",UIS.LR.AG15T99.GPI,0.99686998128891,,,,,,,,,,,,,,,,,,,,,,,,,,,,,,,,,,,,,,,,,,,,,,,,,,,,,,,,,,,,,,,,,
Sudan,SDN,"Adult literacy rate, population 15+ years, gender parity index (GPI)",UIS.LR.AG15T99.GPI,,,,,,,,,,,,,,,,,,,,,,,,,,,,,,,0.72849,,,,,,,,0.78095,,,,,,,,,,,,,,,,,,,,,,,,,,,
Suriname,SUR,"Adult literacy rate, population 15+ years, gender parity index (GPI)",UIS.LR.AG15T99.GPI,,,,,,,,,,,,,,,,,,,,,,,,,,,,,,,,,,,0.94763,,,,0.98191,,0.98573,,0.95919,,,,,,,,,,,,,,,,,,,,,,,
Swaziland,SWZ,"Adult literacy rate, population 15+ years, gender parity index (GPI)",UIS.LR.AG15T99.GPI,,,,,,,0.935199975967407,,,,,,,,,,0.93598997592926,,,,,,,,,,,,,,0.96602,,,,,,,,,,0.98269,,,,,,,,,,,,,,,,,,,,,,,,,
Sweden,SWE,"Adult literacy rate, population 15+ years, gender parity index (GPI)",UIS.LR.AG15T99.GPI,,,,,,,,,,,,,,,,,,,,,,,,,,,,,,,,,,,,,,,,,,,,,,,,,,,,,,,,,,,,,,,,,,
Switzerland,CHE,"Adult literacy rate, population 15+ years, gender parity index (GPI)",UIS.LR.AG15T99.GPI,,,,,,,,,,,,,,,,,,,,,,,,,,,,,,,,,,,,,,,,,,,,,,,,,,,,,,,,,,,,,,,,,,
Syrian Arab Republic,SYR,"Adult literacy rate, population 15+ years, gender parity index (GPI)",UIS.LR.AG15T99.GPI,,,,,,,,,,,,0.503629982471466,,,,,,,,,,,,,,,,,,,,,0.81557,,0.83897,,,,,,,,,,,,,,,,,,,,,,,,,,,,,,,
Tajikistan,TJK,"Adult literacy rate, population 15+ years, gender parity index (GPI)",UIS.LR.AG15T99.GPI,,,,,,,,,,,,,,,,,,,,0.978240013122559,,,,,,,,,,,0.99536,,,,,,,,,,,,,,,,,,,,,,,,,,,,,,,,,,,
Tanzania,TZA,"Adult literacy rate, population 15+ years, gender parity index (GPI)",UIS.LR.AG15T99.GPI,,,,,,,,,,,,,,,,,,,0.673829972743988,,,,,,,,,,,,,,0.80216,,,,,,,,0.80501,,0.8797,,,0.87848,,,,,,,,,,,,,,,,,,,,
Thailand,THA,"Adult literacy rate, population 15+ years, gender parity index (GPI)",UIS.LR.AG15T99.GPI,,,,,,,,,,,0.909780025482178,,,,,,,,,,,,,,,,,,,,0.95379,,,,,0.95742,,,,,0.99992,,,0.96848,,0.96337,,,,,,,,,,,,,,,,,,,,
Timor-Leste,TLS,"Adult literacy rate, population 15+ years, gender parity index (GPI)",UIS.LR.AG15T99.GPI,,,,,,,,,,,,,,,,,,,,,,,,,,,,,,,,0.66225,,,,,,0.7265,,,0.8328,,,,,,,,,,,,,,,,,,,,,,,,,
Togo,TGO,"Adult literacy rate, population 15+ years, gender parity index (GPI)",UIS.LR.AG15T99.GPI,,,,,,,,,,,,,,,,,,,,,,,,,,,,,,,0.55952,,,,,,0.63151,,,0.61275,,0.64785,,,,0.66324,,,,,,,,,,,,,,,,,,,,
Tonga,TON,"Adult literacy rate, population 15+ years, gender parity index (GPI)",UIS.LR.AG15T99.GPI,,,,,,,0.998660027980804,,,,,,,,,,,,,,,,,,,,1.00143003463745,,,,,,,,,,1.0013,,,,,1.001,,,,,,,,,,,,,,,,,,,,,,,,
Trinidad and Tobago,TTO,"Adult literacy rate, population 15+ years, gender parity index (GPI)",UIS.LR.AG15T99.GPI,,,,,,,,,,,0.96832001209259,,,,,,,,,,0.976040005683899,,,,,,,,,,,,,,,,,,,,,,,,,,,,,,,,,,,,,,,,,,,,,
Tunisia,TUN,"Adult literacy rate, population 15+ years, gender parity index (GPI)",UIS.LR.AG15T99.GPI,,,,,,,,,,,,,,,0.592109978199005,,,,,,,,,,0.681159973144531,,,,,,,,,,0.78369,,,0.79612,0.82157,,0.81359,0.81733,0.8156,,0.83922,,,,,,,,,,,,,,,,,,,,,
Turkey,TUR,"Adult literacy rate, population 15+ years, gender parity index (GPI)",UIS.LR.AG15T99.GPI,,,,,,0.581889986991882,,,,,0.611500024795532,,,,,0.733070015907288,,,,,0.762629985809326,,,,,,,,,,,,,,0.8353,0.83905,0.83738,0.84472,,0.88555,0.90517,0.92214,0.93224,0.93635,0.93812,0.93985,,,,,,,,,,,,,,,,,,,,
Turkmenistan,TKM,"Adult literacy rate, population 15+ years, gender parity index (GPI)",UIS.LR.AG15T99.GPI,,,,,,,,,,,,,,,,,,,,,,,,,,0.989300012588501,,,,,,,,,,,,,,,,,,,,,,,,,,,,,,,,,,,,,,,,
Turks and Caicos Islands,TCA,"Adult literacy rate, population 15+ years, gender parity index (GPI)",UIS.LR.AG15T99.GPI,,,,,,,,,,,,,,,,,,,,,,,,,,,,,,,,,,,,,,,,,,,,,,,,,,,,,,,,,,,,,,,,,,
Tuvalu,TUV,"Adult literacy rate, population 15+ years, gender parity index (GPI)",UIS.LR.AG15T99.GPI,,,,,,,,,,,,,,,,,,,,,,,,,,,,,,,,,,,,,,,,,,,,,,,,,,,,,,,,,,,,,,,,,,
Uganda,UGA,"Adult literacy rate, population 15+ years, gender parity index (GPI)",UIS.LR.AG15T99.GPI,,,,,,,,,,,,,,,,,,,,,,0.657299995422363,,,,,,,,,,,0.75232,,,,0.76275,,,,0.78168,,0.78322,,,,,,,,,,,,,,,,,,,,,,,
Ukraine,UKR,"Adult literacy rate, population 15+ years, gender parity index (GPI)",UIS.LR.AG15T99.GPI,,,,,,,,,,,,,,,,,,,,,,,,,,,,,,,,0.99427,,,,,,,,,,,0.99964,,,,,,,,,,,,,,,,,,,,,,,
United Arab Emirates,ARE,"Adult literacy rate, population 15+ years, gender parity index (GPI)",UIS.LR.AG15T99.GPI,,,,,,0.652980029582977,,,,,,,,,,0.950010001659393,,,,,,,,,,,,,,,,,,,,1.02227,,,,,,,,,,,,,,,,,,,,,,,,,,,,,,
United Kingdom,GBR,"Adult literacy rate, population 15+ years, gender parity index (GPI)",UIS.LR.AG15T99.GPI,,,,,,,,,,,,,,,,,,,,,,,,,,,,,,,,,,,,,,,,,,,,,,,,,,,,,,,,,,,,,,,,,,
United States,USA,"Adult literacy rate, population 15+ years, gender parity index (GPI)",UIS.LR.AG15T99.GPI,,,,,,,,,,,,,,,,,,,,,,,,,,,,,,,,,,,,,,,,,,,,,,,,,,,,,,,,,,,,,,,,,,
Uruguay,URY,"Adult literacy rate, population 15+ years, gender parity index (GPI)",UIS.LR.AG15T99.GPI,,,,,,1.00980997085571,,,,,,,,,,1.01104998588562,,,,,,,,,,,1.0106600522995,,,,,,,,,,1.00656,1.00842,1.00646,1.00573,1.00902,1.00608,1.00567,1.00584,1.008,1.00735,,,,,,,,,,,,,,,,,,,,
Uzbekistan,UZB,"Adult literacy rate, population 15+ years, gender parity index (GPI)",UIS.LR.AG15T99.GPI,,,,,,,,,,,,,,,,,,,,,,,,,,,,,,,0.98966,,,,,,,,,,,,,1.00002,0.99991,0.99984,,,,,,,,,,,,,,,,,,,,
Vanuatu,VUT,"Adult literacy rate, population 15+ years, gender parity index (GPI)",UIS.LR.AG15T99.GPI,,,,,,,,,,0.8333899974823,,,,,,,,,,,,,,,0.917519986629486,,,,,,,,,,,,,,,,,,,,,,,,,,,,,,,,,,,,,,,,,
"Venezuela, RB",VEN,"Adult literacy rate, population 15+ years, gender parity index (GPI)",UIS.LR.AG15T99.GPI,,,,,,,,,,,,0.959710001945496,,,,,,,,,0.981610000133514,,,,,,,,,,,0.99419,,,,,,0.99526,,0.9966,,1.00557,,,,0.99906,1.0018,,,,,,,,,,,,,,,,,,,
Vietnam,VNM,"Adult literacy rate, population 15+ years, gender parity index (GPI)",UIS.LR.AG15T99.GPI,,,,,,,,,,0.864560008049011,,,,,,,,,,0.890609979629517,,,,,,,,,,0.92549,0.92204,,,,,,,,,0.954,,,,,,,,,,,,,,,,,,,,,,,,,,
Virgin Islands (U.S.),VIR,"Adult literacy rate, population 15+ years, gender parity index (GPI)",UIS.LR.AG15T99.GPI,,,,,,,,,,,,,,,,,,,,,,,,,,,,,,,,,,,,,,,,,,,,,,,,,,,,,,,,,,,,,,,,,,
West Bank and Gaza,PSE,"Adult literacy rate, population 15+ years, gender parity index (GPI)",UIS.LR.AG15T99.GPI,,,,,,,,,,,,,,,,,,,,,,,,,,,,0.864310026168823,,,,,,,0.91101,,0.92457,0.93036,0.94957,0.94122,0.94411,0.94644,0.95288,0.95665,0.9594,0.96317,0.96552,,,,,,,,,,,,,,,,,,,
"Yemen, Rep.",YEM,"Adult literacy rate, population 15+ years, gender parity index (GPI)",UIS.LR.AG15T99.GPI,,,,,,,,,,,,,,,,,,,,,,,,,0.300740003585815,,,,,,,,,,,,,,,,,,,,,,,,,,,,,,,,,,,,,,,,,
Zambia,ZMB,"Adult literacy rate, population 15+ years, gender parity index (GPI)",UIS.LR.AG15T99.GPI,,,,,,,,,,,,,,,,,,,,,0.785319983959198,,,,,,,,,0.78426,,,0.76427,,,,,0.71979,,,0.87667,,,,,,,,,,,,,,,,,,,,,,,,,
Zimbabwe,ZWE,"Adult literacy rate, population 15+ years, gender parity index (GPI)",UIS.LR.AG15T99.GPI,,,,,,,,,,,,,0.853630006313324,,,,,,,,,,0.883270025253296,,,,,,,,,,,,,,,,,,,0.91228,,,0.98989,,,,,,,,,,,,,,,,,,,,,
